{"type":"FeatureCollection","features":[{"type":"Feature","properties":{"lga":"Warri North","state":"Delta","key":"warrinorth"},"geometry":{"type":"Polygon","coordinates":[[[4.97678403015891,5.887738748444519],[5.009237228115637,5.844676927298394],[5.026044960006971,5.817904635190814],[5.040834361416671,5.782730201137895],[5.067838473566724,5.766691060444145],[5.079804339198915,5.746776305781907],[5.081123391031724,5.736445433709832],[5.080568351947932,5.724389716812027],[5.084112261771509,5.717584341843974],[5.084471293615366,5.713027796295819],[5.12146403363829,5.643242591772264],[5.149651480931141,5.609176982231986],[5.170141575073671,5.593835492414087],[5.180993599774865,5.592039618233855],[5.191279101049702,5.595846813579612],[5.205258433629865,5.605959522713874],[5.228160746021672,5.619343990632728],[5.247196434068201,5.622020884756068],[5.301254813558842,5.613990204184631],[5.351223494568671,5.596144247259247],[5.373530942299169,5.598523707703009],[5.387807707659647,5.608041552175962],[5.399243035337861,5.637283656015939],[5.412792048614222,5.647005225710643],[5.435040844359548,5.652272879589759],[5.432436921227008,5.663269883098678],[5.433595025889758,5.668752554087177],[5.451634868554379,5.678381543973103],[5.456773833045986,5.685309400308654],[5.434017568755849,5.70889438716631],[5.386035768036322,5.720809009428308],[5.338183613582942,5.723095066284316],[5.324432892264213,5.729405749375871],[5.339551568749926,5.741695159603978],[5.341008301392037,5.745255038689152],[5.332655784936549,5.760102965279657],[5.334234891926769,5.775787818952722],[5.331729232318253,5.786887963908441],[5.333948767221898,5.791100123971603],[5.346470478629726,5.801164568290233],[5.353886754969835,5.804699450719113],[5.36442255375789,5.801871124253012],[5.366305925677977,5.805008866965693],[5.366806555777998,5.811424107936261],[5.374649392255719,5.816471094265637],[5.381151930417332,5.823357485559541],[5.400232970375328,5.823118383706515],[5.407970472859063,5.819666264086891],[5.410743243705781,5.820155524058237],[5.413723560094297,5.828095865032196],[5.416376866798998,5.829910124053015],[5.424760236295924,5.823939980046077],[5.433346106137947,5.825987162577519],[5.438726751738272,5.822784308049449],[5.442854290093464,5.822203186827664],[5.447059261875495,5.822487959851514],[5.450806565970311,5.824984021895148],[5.454751837827075,5.824966982440344],[5.460753789955504,5.815030399233592],[5.463749000016378,5.80541599994848],[5.466957999612021,5.804525000228637],[5.472194000053094,5.800290000083464],[5.484818000350458,5.796388000006232],[5.495427000355846,5.79620999989163],[5.505212000133724,5.787747999970293],[5.508466000005967,5.786514999767462],[5.523433000432647,5.787669999970547],[5.532936999842718,5.776217999760945],[5.541497238107127,5.770785957006353],[5.549035000265121,5.773179999957108],[5.556179999707297,5.772828999958449],[5.569145999588272,5.775605000270616],[5.570749999812676,5.778253000075949],[5.566749999712783,5.798687999951312],[5.555647000308852,5.825374000309921],[5.552488000321034,5.829804999601095],[5.545626999586432,5.833377999794891],[5.543435000125214,5.840557999951784],[5.546029000138276,5.843969999915601],[5.549447000378791,5.855663999593958],[5.53825400042183,5.862534999890386],[5.546906000111846,5.869762000416017],[5.547468999994408,5.875972999954058],[5.550110000376264,5.88238000043674],[5.548102999553862,5.886564000028613],[5.526053999892213,5.892696999566908],[5.512403999944695,5.904449000121303],[5.508591000374395,5.911195000049247],[5.500418000290551,5.919397999717944],[5.498035000115237,5.928886000188811],[5.500151999715058,5.93138300022531],[5.469571557181666,5.931457001839192],[5.474958197662716,5.947769715400113],[5.471550833704043,5.978435985632302],[5.473564276370325,6.001513129827117],[5.473677635014894,6.027351856403072],[5.465517997957306,6.027750015051197],[5.45619106336693,6.022396564050212],[5.453403949232893,6.025130748585241],[5.452094555219617,6.034297942895819],[5.442778489835462,6.041352430969937],[5.429726584914022,6.031929159203401],[5.429398997865519,6.024726533902481],[5.433328135884835,6.019160889663397],[5.433655246292631,6.01424994467925],[5.433328135884835,6.009993696252138],[5.428089602952866,6.00704731937833],[5.417561039210625,6.009370470570786],[5.4180312002797,6.011584425181127],[5.413356766201844,6.02145256998017],[5.401897891574492,6.023089551941325],[5.390411839434876,6.019026898772381],[5.367845043414093,6.020886563664021],[5.344359383079109,6.017407083070452],[5.340436443187343,6.020022534612337],[5.334343908644541,6.021393299261376],[5.32738542589675,6.018349170577835],[5.323036193865278,6.00530147628217],[5.32695054972811,5.994428634973588],[5.32695054972811,5.98268556738509],[5.336518764329583,5.984425546002171],[5.339998245822414,5.98268556738509],[5.345217228392414,5.975292205770756],[5.358699322216012,5.969638347931436],[5.350001334793831,5.960939884767924],[5.341302873428901,5.956155778366508],[5.315937270288828,5.932292731924065],[5.30512403424683,5.917254241689932],[5.292076815692553,5.909860881874238],[5.275984516072583,5.906816275650669],[5.270486105149701,5.916543277250469],[5.269026029727513,5.936826021903414],[5.256848086869752,5.947698863211997],[5.254238832556098,5.954657347758427],[5.249889601424002,5.967705042953412],[5.248584974716834,5.984231742101258],[5.25574659183178,6.010848792337924],[5.263137568444051,6.031021864667366],[5.26826906226745,6.052536011427833],[5.270169735345064,6.054296017047591],[5.257602775447765,6.064357739118407],[5.240031325785083,6.061562520294103],[5.234040821127053,6.064757327688596],[5.234839523425308,6.072744350671314],[5.232443417429806,6.100299338044067],[5.233738898931108,6.112362385315862],[5.230544089737975,6.118752002802751],[5.217190988373488,6.135566001170048],[5.218388802601226,6.140757804429199],[5.222781903562066,6.143952612722956],[5.222382314092556,6.147946124214286],[5.210404636764622,6.153056126938736],[5.206199935678512,6.151631590025886],[5.205974674391769,6.147819651655652],[5.20259395824462,6.145440536551575],[5.198831557230619,6.147007941563288],[5.193720817961434,6.151766300374504],[5.189668158958398,6.151941794977915],[5.184027194699297,6.147360324719273],[5.180645938059627,6.149358471716141],[5.182441234875114,6.154410362048623],[5.181912421820869,6.156877518083036],[5.168694495754437,6.16357469561575],[5.164251804377329,6.159086703588571],[5.162909031126958,6.1479306226002],[5.163980943865511,6.145965560762079],[5.161456108012999,6.142713546592972],[5.157862185991121,6.146707058084303],[5.154594897736388,6.14418792663156],[5.145542144854176,6.141641616767231],[5.142962932393459,6.143306732219969],[5.143491745447761,6.151237964860229],[5.14177535964518,6.154955252283116],[5.133102417442672,6.164677619676468],[5.134438283899726,6.169372793020045],[5.126955985630275,6.163946629133704],[5.119040489327176,6.149993420060355],[5.101120948972664,6.124878883353858],[5.075929641639675,6.078048705883134],[5.04691557619293,6.014460356360416],[5.034234849358882,5.988736798764307],[5.018107941128619,5.950521048207861],[4.984384690900811,5.899277939725209],[4.985486394581471,5.89596496591048],[4.982781399342173,5.895736850175524],[4.97678403015891,5.887738748444519]]]}},{"type":"Feature","properties":{"lga":"Burutu","state":"Delta","key":"burutu"},"geometry":{"type":"MultiPolygon","coordinates":[[[[5.881353320899109,5.1095089913469],[5.879062884344705,5.176211113951808],[5.86379397521182,5.184790546446607],[5.838725595310052,5.17616037600061],[5.832721947959556,5.1802358301195],[5.828151355900388,5.186822647347356],[5.818613006884789,5.189382214117927],[5.800390794299744,5.187206058912523],[5.778600999936259,5.176426999806267],[5.768855000158169,5.18719099976488],[5.76097199995786,5.199074000065082],[5.758375999852547,5.209717999885811],[5.763276000087387,5.213092999942035],[5.764723000266315,5.216984000411344],[5.771049999757736,5.223099000018863],[5.782019000176774,5.230978000034725],[5.801026595201279,5.239817754785577],[5.81205352095327,5.247334454821271],[5.808337079792466,5.264942411563084],[5.801597000101538,5.271890999969742],[5.787400892237429,5.268372841333587],[5.781270255218146,5.261797989585602],[5.772105761571709,5.259721064675432],[5.766687662805452,5.258910644210914],[5.761519618735463,5.260358630946087],[5.756951849648203,5.267854974827287],[5.749737427939976,5.264024799105243],[5.748107539831153,5.260309911972911],[5.746053378560646,5.259351965820599],[5.740082569954666,5.260133261740691],[5.736971263712917,5.266654030958819],[5.737869619887078,5.271334218899142],[5.747334133663401,5.273775995166091],[5.74833033068029,5.27585199827115],[5.745865890598395,5.2874394516694],[5.743280006966813,5.290319633044703],[5.74491654016623,5.302825771791959],[5.743764216345539,5.303763663062625],[5.740690810232763,5.30295355196489],[5.739748148058652,5.305590991930785],[5.736581034387257,5.303197366265465],[5.73576039762429,5.309054827918033],[5.725292308793087,5.315368830407238],[5.725352835864726,5.321309387618214],[5.728351252008736,5.32825212323695],[5.722015619025626,5.334876337872743],[5.71945648842626,5.342886436559866],[5.723202989426454,5.357528521823895],[5.723075768631873,5.368498438652068],[5.719169589405055,5.373350624631655],[5.71486820490378,5.374092070692541],[5.718350510267896,5.386123209118864],[5.712593739409613,5.390589057139323],[5.702933418942166,5.394987018935808],[5.698472155665513,5.400912967559464],[5.702495342985742,5.410219980367856],[5.704238999830011,5.413865000069734],[5.692027999692471,5.41476300011243],[5.682312000398554,5.413082999980531],[5.673194999949317,5.40563500005527],[5.65978899956275,5.389732999678245],[5.639839999616356,5.382927999727428],[5.613472999579301,5.380137999668989],[5.606133858091141,5.377637520155474],[5.594798951410553,5.377605946757058],[5.581296764933825,5.381064896727651],[5.572535371710103,5.386374833132095],[5.557948903219369,5.389877462275138],[5.548069953965239,5.39429712291394],[5.526882133403774,5.407116060258033],[5.519365640212186,5.405360607905777],[5.512750220046655,5.398744980896197],[5.467054626369986,5.37167706544426],[5.431821303810182,5.366069758312733],[5.385455707115227,5.360793893623338],[5.370481882632816,5.356647600806184],[5.351734195276947,5.363304806171925],[5.33687808935241,5.361221907065385],[5.324707680115409,5.366508608585491],[5.320573029022114,5.364431103612617],[5.32003422629856,5.354806976360919],[5.330418000090674,5.300138000368463],[5.345744302157868,5.231360539257537],[5.352651265443569,5.167922286584314],[5.372635031381662,5.145608756738795],[5.388012822333906,5.138975199945548],[5.421632892444052,5.152508494871199],[5.431599978856013,5.15168685176684],[5.443864242241034,5.146742253252455],[5.447671379130895,5.138687428581989],[5.448385217803605,5.133690560570983],[5.454650120007102,5.126679773252988],[5.461587865287811,5.124747034847815],[5.466032858030019,5.121584228029747],[5.469233798800815,5.116826958297509],[5.464647294137364,5.09757213784394],[5.467934542844944,5.093236976605226],[5.476113635835645,5.090885780054748],[5.50287056032812,5.092460632352356],[5.511565207668241,5.088287353578551],[5.524085043989658,5.068811892554834],[5.533127308078861,5.062899590243944],[5.550863742867477,5.055596352389784],[5.584598063749695,5.055248259899315],[5.585641384342466,5.047945022944475],[5.590857982809723,5.043424129220227],[5.611029147677073,5.038902759754592],[5.619723319275806,5.034729480980786],[5.625288010233533,5.026035309382053],[5.632938861239495,5.0183839799368],[5.642328739379877,5.015602112447596],[5.647893429438284,5.011776447724912],[5.66180896770976,5.012883663350408],[5.663635254263625,5.015100956244169],[5.663456916903215,5.024004459438288],[5.666662215788676,5.028277874124626],[5.675565243241408,5.029880046926678],[5.691234589005148,5.02418232015799],[5.702096461282736,5.022935866996704],[5.710287094373939,5.023826122077935],[5.719368458287761,5.030948640267582],[5.730586052004753,5.0544528967838],[5.736462116133794,5.056589603227678],[5.743050574624363,5.055699348146447],[5.748570441572667,5.053206443622514],[5.751953602077094,5.053740500623633],[5.75836372410663,5.061040877734342],[5.76423978823567,5.064246178418443],[5.773499011969875,5.061219215094752],[5.775635719313073,5.057479858308852],[5.77901887891818,5.058013916209291],[5.780443191899849,5.064958571880652],[5.788122177296714,5.072540759648405],[5.789875507248894,5.078677654150454],[5.789144993346838,5.084376335099819],[5.791336535952439,5.085837363803364],[5.803610801597245,5.081892490346206],[5.809017181297918,5.086421967200067],[5.8141312597499,5.084522247403868],[5.817346095945595,5.077362536851638],[5.820268630892656,5.075170516706009],[5.835319041640503,5.082476616202939],[5.840140819743112,5.083061217801003],[5.83951091839424,5.074536323792358],[5.840871333645168,5.067572594399735],[5.848323822086741,5.066549778349668],[5.851976395194527,5.070202827198784],[5.853145599290031,5.075462817954758],[5.857383250636531,5.077362536851638],[5.863081931585896,5.074440001904634],[5.865062146101195,5.069528997565214],[5.867738723663194,5.068109512144304],[5.871701240919606,5.081235408787109],[5.877645015904818,5.09138965580803],[5.877645015904818,5.105258465305951],[5.881353320899109,5.1095089913469]]],[[[5.43104945526818,5.385542119373383],[5.434026999946127,5.394860999635455],[5.431249000441085,5.400595999705672],[5.413950000392276,5.408412999560312],[5.377689000047383,5.42008900020727],[5.368123999622924,5.427621999555697],[5.349825000223632,5.437151000118604],[5.300249000091355,5.46702099981934],[5.267858000146646,5.461118000095667],[5.256575999682696,5.462459999929081],[5.243382000079293,5.459688999847515],[5.227120088321442,5.451217399663335],[5.239800752202996,5.440225939575498],[5.260153709626024,5.428466453064402],[5.318025056311342,5.403863967847883],[5.354906703081951,5.38982514781236],[5.379444122348389,5.389999389660147],[5.43104945526818,5.385542119373383]]]]}},{"type":"Feature","properties":{"lga":"Warri South West","state":"Delta","key":"warrisouthwest"},"geometry":{"type":"MultiPolygon","coordinates":[[[[5.702495342985742,5.410219980367856],[5.728889614963805,5.414540637340565],[5.752336000106368,5.420881999904395],[5.788486957607063,5.442311764176623],[5.776979001579718,5.443839093599365],[5.767314766363427,5.44816057435105],[5.759066000195787,5.466161999776489],[5.7489559998196,5.468636999697821],[5.750542190769522,5.474284277197683],[5.745858073691181,5.478210521198662],[5.743719031707997,5.482922978612635],[5.750259366576529,5.491034306787867],[5.734303000383193,5.489852999616289],[5.728475999667694,5.486035999861542],[5.707918000415418,5.477870000100495],[5.700099999615361,5.471768000193094],[5.699552999571324,5.466479000005904],[5.673029000388112,5.466697000166448],[5.658833999589433,5.473391000394429],[5.647888000231092,5.48117899981105],[5.643199792136727,5.489117224680228],[5.646478723914015,5.492644326174741],[5.638667907797753,5.502935622680866],[5.635217515775764,5.501420253342076],[5.631248076437601,5.503284423837158],[5.627810486264991,5.500948692927864],[5.624723761192683,5.505466225885641],[5.618393287620165,5.504987442116828],[5.617280923375972,5.507157445060102],[5.620678314752467,5.511560426872279],[5.620069079824248,5.514468515109911],[5.608716453801378,5.511767363573028],[5.599771747268392,5.513165053924126],[5.584949534093766,5.505892836385328],[5.568888172950892,5.503810806923241],[5.552826810908641,5.506487701046638],[5.531114228738716,5.505297969925437],[5.519514356602315,5.501133913699221],[5.508509350026543,5.468118892173209],[5.507319618905342,5.443729416779206],[5.514458002035212,5.42647832541445],[5.525016860339861,5.417109197331627],[5.526882133403774,5.407116060258033],[5.548069953965239,5.39429712291394],[5.557948903219369,5.389877462275138],[5.572535371710103,5.386374833132095],[5.581296764933825,5.381064896727651],[5.594798951410553,5.377605946757058],[5.606133858091141,5.377637520155474],[5.613472999579301,5.380137999668989],[5.639839999616356,5.382927999727428],[5.65978899956275,5.389732999678245],[5.673194999949317,5.40563500005527],[5.682312000398554,5.413082999980531],[5.692027999692471,5.41476300011243],[5.704238999830011,5.413865000069734],[5.702495342985742,5.410219980367856]]],[[[5.43104945526818,5.385542119373383],[5.47229741759179,5.399435055883146],[5.491020310638874,5.432783895860155],[5.500218498285108,5.480670549206536],[5.509758566804464,5.500895968374266],[5.5243327649452,5.513388137952234],[5.540691559767708,5.518741925299651],[5.555563190688758,5.518741925299651],[5.582179445025417,5.514452643874449],[5.567848205930034,5.535237789392511],[5.558982849279118,5.540711879949356],[5.550103188011747,5.549654007226707],[5.545306206016619,5.557936192201566],[5.542537212322543,5.56900787361451],[5.534339903563762,5.577261925097787],[5.510555267211885,5.596110344616761],[5.49447052999102,5.607793252956299],[5.480431709955496,5.621832072991822],[5.466868782368465,5.631111971240557],[5.435697842281627,5.635157055253956],[5.417851885356299,5.639915977040744],[5.407858148434855,5.636822677024952],[5.402147442650403,5.629922241917996],[5.402861281323112,5.613266014315172],[5.393581383074434,5.588281673360598],[5.387273630873437,5.585654357062992],[5.376568237034576,5.586556564134185],[5.348609570075666,5.585069401131989],[5.326599556024746,5.588043727136323],[5.287338448810431,5.599941032053039],[5.231422998072958,5.60209286239575],[5.214059118233763,5.601242467965562],[5.207448046290381,5.598810788387198],[5.195788686698563,5.580488938114058],[5.179608350644912,5.570495202091934],[5.170447427306954,5.557122631304424],[5.16367310413051,5.554739572673213],[5.159739852612176,5.547128895282356],[5.157122445944196,5.537135159260231],[5.208338821179723,5.467497709751569],[5.227120088321442,5.451217399663335],[5.243382000079293,5.459688999847515],[5.256575999682696,5.462459999929081],[5.267858000146646,5.461118000095667],[5.300249000091355,5.46702099981934],[5.349825000223632,5.437151000118604],[5.368123999622924,5.427621999555697],[5.377689000047383,5.42008900020727],[5.413950000392276,5.408412999560312],[5.431249000441085,5.400595999705672],[5.434026999946127,5.394860999635455],[5.43104945526818,5.385542119373383]]],[[[5.435040844359548,5.652272879589759],[5.444999694780165,5.654443739586952],[5.485734764747633,5.631196813282372],[5.506997652619646,5.647352138290614],[5.517169128852288,5.661020514085521],[5.517243670958692,5.670606036139702],[5.526556951142425,5.694692262837691],[5.524959417942853,5.702147754115629],[5.515142910417012,5.727846690072738],[5.504290757112813,5.739042000388054],[5.501542328215919,5.752088620893176],[5.506372096794905,5.762655607270517],[5.519373363589921,5.755422976988825],[5.528538663928259,5.752025780765223],[5.540368079922985,5.752068996786818],[5.549190044285183,5.756303787389925],[5.541497238107127,5.770785957006353],[5.532936999842718,5.776217999760945],[5.523433000432647,5.787669999970547],[5.508466000005967,5.786514999767462],[5.505212000133724,5.787747999970293],[5.495427000355846,5.79620999989163],[5.484818000350458,5.796388000006232],[5.472194000053094,5.800290000083464],[5.466957999612021,5.804525000228637],[5.463749000016378,5.80541599994848],[5.460753789955504,5.815030399233592],[5.454751837827075,5.824966982440344],[5.450806565970311,5.824984021895148],[5.447059261875495,5.822487959851514],[5.442854290093464,5.822203186827664],[5.438726751738272,5.822784308049449],[5.433346106137947,5.825987162577519],[5.424760236295924,5.823939980046077],[5.416376866798998,5.829910124053015],[5.413723560094297,5.828095865032196],[5.410743243705781,5.820155524058237],[5.407970472859063,5.819666264086891],[5.400232970375328,5.823118383706515],[5.381151930417332,5.823357485559541],[5.374649392255719,5.816471094265637],[5.366806555777998,5.811424107936261],[5.366305925677977,5.805008866965693],[5.36442255375789,5.801871124253012],[5.353886754969835,5.804699450719113],[5.346470478629726,5.801164568290233],[5.333948767221898,5.791100123971603],[5.331729232318253,5.786887963908441],[5.334234891926769,5.775787818952722],[5.332655784936549,5.760102965279657],[5.341008301392037,5.745255038689152],[5.339551568749926,5.741695159603978],[5.324432892264213,5.729405749375871],[5.338183613582942,5.723095066284316],[5.386035768036322,5.720809009428308],[5.434017568755849,5.70889438716631],[5.456773833045986,5.685309400308654],[5.451634868554379,5.678381543973103],[5.433595025889758,5.668752554087177],[5.432436921227008,5.663269883098678],[5.435040844359548,5.652272879589759]]]]}},{"type":"Feature","properties":{"lga":"Warri South","state":"Delta","key":"warrisouth"},"geometry":{"type":"Polygon","coordinates":[[[5.541497238107127,5.770785957006353],[5.549190044285183,5.756303787389925],[5.540368079922985,5.752068996786818],[5.528538663928259,5.752025780765223],[5.519373363589921,5.755422976988825],[5.506372096794905,5.762655607270517],[5.501542328215919,5.752088620893176],[5.504290757112813,5.739042000388054],[5.515142910417012,5.727846690072738],[5.524959417942853,5.702147754115629],[5.526556951142425,5.694692262837691],[5.517243670958692,5.670606036139702],[5.517169128852288,5.661020514085521],[5.506997652619646,5.647352138290614],[5.485734764747633,5.631196813282372],[5.497776986418842,5.624166489092261],[5.501111030449749,5.620554924170449],[5.507499694655223,5.606666565209878],[5.510555267211885,5.596110344616761],[5.534339903563762,5.577261925097787],[5.542537212322543,5.56900787361451],[5.545306206016619,5.557936192201566],[5.550103188011747,5.549654007226707],[5.558982849279118,5.540711879949356],[5.567848205930034,5.535237789392511],[5.582179445025417,5.514452643874449],[5.595818807791773,5.519060579382256],[5.599956110985772,5.516716965015974],[5.599771747268392,5.513165053924126],[5.608716453801378,5.511767363573028],[5.620069079824248,5.514468515109911],[5.620678314752467,5.511560426872279],[5.617280923375972,5.507157445060102],[5.618393287620165,5.504987442116828],[5.624723761192683,5.505466225885641],[5.627810486264991,5.500948692927864],[5.631248076437601,5.503284423837158],[5.635217515775764,5.501420253342076],[5.638667907797753,5.502935622680866],[5.646478723914015,5.492644326174741],[5.643199792136727,5.489117224680228],[5.647888000231092,5.48117899981105],[5.658833999589433,5.473391000394429],[5.673029000388112,5.466697000166448],[5.699552999571324,5.466479000005904],[5.700099999615361,5.471768000193094],[5.707918000415418,5.477870000100495],[5.728475999667694,5.486035999861542],[5.734303000383193,5.489852999616289],[5.750259366576529,5.491034306787867],[5.755845084583029,5.495820289175072],[5.766924340086291,5.488000722655272],[5.771601255393648,5.487957020999772],[5.779039298025225,5.49064929802671],[5.780268424847975,5.494067324347611],[5.779020000372782,5.501768999639694],[5.77439696794579,5.506620957191444],[5.768994888803149,5.519397270267859],[5.76927873732393,5.522963277333417],[5.771541081755572,5.523655638397031],[5.783995603914036,5.515962494973223],[5.784025652062269,5.525036351346614],[5.773444435712179,5.527782531938328],[5.777360648675028,5.533598884680828],[5.778381344123773,5.538419678925095],[5.777393187945336,5.541865700241942],[5.779924943181641,5.547384933168189],[5.772974093879384,5.546043152769357],[5.77062972138458,5.54748272724612],[5.769973173123503,5.550154179571791],[5.762842144649312,5.552488243137987],[5.757262095968997,5.556230130616086],[5.753358692050028,5.555073874060099],[5.753796211326119,5.55138721035155],[5.751131846557541,5.550171601238446],[5.748148193684244,5.556373362940406],[5.744077005949123,5.554784713243976],[5.743048634786703,5.55289522773262],[5.734824039697742,5.557284449018141],[5.731701410991377,5.556974287233629],[5.730490928913298,5.56689723222155],[5.705931186674945,5.581848621316851],[5.692055224868795,5.589670180734288],[5.674995898641839,5.602705002134201],[5.655903815908403,5.614335060015037],[5.680222034419387,5.651290893659848],[5.696485995732189,5.647008895843896],[5.692416191154337,5.661795138834634],[5.676036835131868,5.674835205080683],[5.650618398620225,5.700676516308249],[5.639407000332824,5.697978999831037],[5.633079999942083,5.706549000236237],[5.60143400017904,5.73243100039042],[5.600451999859956,5.757333000317772],[5.60128799974143,5.766303000283301],[5.604169000399111,5.773168000303031],[5.598300999591515,5.781102000157205],[5.589044999926841,5.77941499970251],[5.576614999582603,5.781008000318991],[5.570749999812676,5.778253000075949],[5.569145999588272,5.775605000270616],[5.556179999707297,5.772828999958449],[5.549035000265121,5.773179999957108],[5.541497238107127,5.770785957006353]]]}},{"type":"Feature","properties":{"lga":"Isokan","state":"Osun","key":"isokan"},"geometry":{"type":"Polygon","coordinates":[[[4.081985629733083,7.20090008027455],[4.090093358821491,7.197872262594899],[4.101409671119484,7.210241270018628],[4.115356494106948,7.212320965740048],[4.128167301579765,7.206941580989223],[4.145836998578659,7.20227275868092],[4.156324111668482,7.208779948136169],[4.167424998564854,7.210664759870838],[4.180017000084547,7.218976760069495],[4.207595000209153,7.226805758678893],[4.218429999844659,7.226390759326137],[4.260660547046655,7.241574272434775],[4.266325007892874,7.24585675858259],[4.269034977282445,7.256385391572621],[4.281116663003615,7.280859759370458],[4.28847199858393,7.292309007654637],[4.287905663115907,7.301285673395171],[4.249217803558849,7.341335637129987],[4.249171705210074,7.344646180077177],[4.242863259631747,7.349019107445883],[4.228946953339289,7.354612927444691],[4.226809652443535,7.363979365655268],[4.213535951323138,7.356141407999644],[4.207133146177796,7.356977675879079],[4.198305004372514,7.363954975142065],[4.196314239010974,7.360944291346016],[4.194752877443364,7.361528555698328],[4.192551720185804,7.358882584763535],[4.188824991680065,7.358306470966909],[4.181411522124108,7.360320896592157],[4.180799245688661,7.358889485261557],[4.18024528489201,7.360412112129325],[4.176600951372848,7.361642328930373],[4.172202315984123,7.359870437870484],[4.171832245861481,7.362971519719906],[4.164348148048646,7.356487189232439],[4.157712914019839,7.362934389410611],[4.153044697854568,7.370057516441307],[4.149330611118842,7.389000525753715],[4.145524946419187,7.398042511053063],[4.135321138659663,7.403114608252622],[4.133962630870769,7.36765098640393],[4.13174641536483,7.358294694344693],[4.127019116439101,7.351956613407026],[4.123136135224513,7.35183334962943],[4.119177055176976,7.348544852662883],[4.118987934045947,7.343502957395629],[4.121119373160582,7.340220791656236],[4.120498536078628,7.335331805418548],[4.112786095002321,7.331858809836262],[4.110903143964947,7.326942646086309],[4.120832750231273,7.318263236858968],[4.125745426410333,7.311768290774069],[4.13133811955862,7.299527643585918],[4.128086090101021,7.288145064742992],[4.129712104829821,7.276762485900065],[4.125917910982878,7.27025794944484],[4.125375748392116,7.257791517564556],[4.111218485844518,7.251194391408092],[4.107489108835352,7.245866776130867],[4.105320928817832,7.237194059658179],[4.102608679646892,7.233126161643099],[4.094214439145105,7.228194713914945],[4.084511757012024,7.207849978094089],[4.08482503764543,7.204407215020979],[4.081985629733083,7.20090008027455]]]}},{"type":"Feature","properties":{"lga":"Irewole","state":"Osun","key":"irewole"},"geometry":{"type":"Polygon","coordinates":[[[4.287905663115907,7.301285673395171],[4.293772335624851,7.305088096038844],[4.303989796891642,7.307486997127285],[4.304700727156899,7.314443177610599],[4.313282029342247,7.32748409101805],[4.315402092932288,7.346776682997586],[4.320913355167249,7.353571551186178],[4.314080335039478,7.366506674643347],[4.320295038884979,7.380445309303639],[4.319061260768592,7.386095809074391],[4.316234073743544,7.394347051075613],[4.304114511275714,7.412047390674616],[4.306975647708043,7.424541167341033],[4.293092032671211,7.431970155598265],[4.293202802167627,7.438245767827993],[4.304054667688831,7.453980990730201],[4.305368480071365,7.460985013347738],[4.294350635673368,7.47164974793759],[4.282609668901159,7.477483254348783],[4.275581564237825,7.477748708136403],[4.26794559701176,7.47541327939939],[4.250450925170128,7.478604639692435],[4.217093485875694,7.490943554001888],[4.200137585281368,7.494036781172554],[4.188205362387635,7.490396460428371],[4.172911204788306,7.493583014744388],[4.149039702020673,7.477455690128068],[4.135520779160686,7.470775444131505],[4.133833487325603,7.464661389711409],[4.137133068436412,7.45907972674803],[4.136997098137613,7.446224300311258],[4.141436577136346,7.439674376871039],[4.135321138659663,7.403114608252622],[4.145524946419187,7.398042511053063],[4.149330611118842,7.389000525753715],[4.153044697854568,7.370057516441307],[4.157712914019839,7.362934389410611],[4.164348148048646,7.356487189232439],[4.171832245861481,7.362971519719906],[4.172202315984123,7.359870437870484],[4.176600951372848,7.361642328930373],[4.18024528489201,7.360412112129325],[4.180799245688661,7.358889485261557],[4.181411522124108,7.360320896592157],[4.188824991680065,7.358306470966909],[4.192551720185804,7.358882584763535],[4.194752877443364,7.361528555698328],[4.196314239010974,7.360944291346016],[4.198305004372514,7.363954975142065],[4.207133146177796,7.356977675879079],[4.213535951323138,7.356141407999644],[4.226809652443535,7.363979365655268],[4.228946953339289,7.354612927444691],[4.242863259631747,7.349019107445883],[4.249171705210074,7.344646180077177],[4.249217803558849,7.341335637129987],[4.287905663115907,7.301285673395171]]]}},{"type":"Feature","properties":{"lga":"Ife North","state":"Osun","key":"ifenorth"},"geometry":{"type":"Polygon","coordinates":[[[4.42391833616233,7.190768351378381],[4.432889015116018,7.195955847784205],[4.446818786058202,7.228759532226661],[4.452024133107329,7.234633795912998],[4.470135363056613,7.248514810110464],[4.513440718814195,7.246048315077701],[4.518738339902541,7.249763992714122],[4.494653873177754,7.269484215024534],[4.493900505703834,7.294120122645609],[4.489916947908853,7.29624032203327],[4.490463581928793,7.314007763647396],[4.495624318107843,7.32317553172544],[4.497547121702326,7.345073307687073],[4.512861173204612,7.353445890715307],[4.516833841108905,7.37513847556022],[4.537252327632871,7.385199944921567],[4.544048730964221,7.392960034777843],[4.547517321667101,7.413567528218891],[4.54492275867841,7.420237515648864],[4.509343746616651,7.416345026801594],[4.505148395781873,7.436527990774209],[4.502991585893028,7.439758262933537],[4.48799306512791,7.451428096029872],[4.466242963242223,7.458948940141511],[4.475570450016278,7.475795523644535],[4.468665222422146,7.48747250185454],[4.468897173765583,7.495523231012328],[4.474160037855484,7.504662427629],[4.482961676640116,7.511641006627201],[4.48926634776376,7.514643772791942],[4.480267553304998,7.525309151296369],[4.489352417380189,7.533914290012547],[4.488965973301049,7.550881548144957],[4.487830762679607,7.555599822373949],[4.481247110166066,7.55676042085679],[4.477364093877895,7.565925865086626],[4.472581821194126,7.568658384976516],[4.457871240865131,7.583552596075492],[4.438650776312329,7.581817187812987],[4.428141001206313,7.55906094510658],[4.423435791428687,7.543901007725367],[4.420084778090086,7.539461103347264],[4.419772866224832,7.533166369732214],[4.417355165708386,7.52974419573809],[4.41334874894568,7.516026360827937],[4.401072759300462,7.507599289675511],[4.386831891278803,7.490799500596552],[4.389868999854514,7.471183000694964],[4.388108999630674,7.462226000429609],[4.389280999718437,7.449071000826052],[4.377620456618843,7.443677961668641],[4.374723476807048,7.437395552362887],[4.371904306338706,7.421518401153321],[4.372326035318338,7.415663649158148],[4.376459915692578,7.405714133700371],[4.377700821835504,7.398663904815407],[4.381021000119119,7.394832000596409],[4.375815000162163,7.386855000557887],[4.374472999429429,7.375127000210966],[4.382094000138068,7.361403999594927],[4.399158000141654,7.346829000158266],[4.399821027118776,7.341554910730622],[4.396555924216557,7.324609695880781],[4.398666073680431,7.311568230289652],[4.407040723350747,7.299756055197861],[4.40582771327837,7.295431261343708],[4.396230954195232,7.282284161385007],[4.407273779961031,7.263540410361713],[4.397731955965071,7.250623864200008],[4.397782553621994,7.24668681304604],[4.407353158621447,7.226621710623476],[4.411994955402918,7.201296542801231],[4.42391833616233,7.190768351378381]]]}},{"type":"Feature","properties":{"lga":"Aiyedaade","state":"Osun","key":"aiyedaade"},"geometry":{"type":"Polygon","coordinates":[[[4.081985629733083,7.20090008027455],[4.078736624695523,7.190858714358228],[4.077626227268638,7.17780304037808],[4.072618008014729,7.167474270021614],[4.071991918891968,7.162779329602415],[4.080130099924247,7.158084391881232],[4.085450649228108,7.151198386396459],[4.083260058105225,7.149007318632925],[4.077000140843893,7.149946212647649],[4.072618008014729,7.146816729308682],[4.071053027575203,7.138991831607768],[4.073244094439474,7.135548591894064],[4.076374052620508,7.13492298031133],[4.080755709708285,7.140243528715928],[4.084511757012024,7.139930724723229],[4.087641715193058,7.138052463650354],[4.088356017915942,7.13344621617],[4.156689167171351,7.164999961678916],[4.162019252886239,7.171091556430213],[4.168871879133974,7.174137114136556],[4.171156406243199,7.170710564041372],[4.182958603356894,7.111319541163937],[4.186004161962558,7.08543109916593],[4.190192222892847,7.069821834410163],[4.194914818364225,7.061510086021713],[4.197892666113717,7.049162387134515],[4.205973148442069,7.045084952708464],[4.218773841239852,7.047115802652229],[4.223458765909356,7.053145884674905],[4.236297606149662,7.060639857043839],[4.261477468710268,7.083738804402344],[4.268486023011576,7.088352679932257],[4.284764289840155,7.091783045850946],[4.298218000160603,7.090554000866518],[4.334441184912805,7.07079172086128],[4.34278244005759,7.067955254631329],[4.350731141129302,7.065693835602076],[4.353517266908398,7.071363537697152],[4.376871513809363,7.095710651425463],[4.385181501325292,7.117209996244355],[4.410297494034182,7.127719288414482],[4.418670208363494,7.15885090564484],[4.41634489520078,7.165239798278094],[4.42391833616233,7.190768351378381],[4.411994955402918,7.201296542801231],[4.407353158621447,7.226621710623476],[4.397782553621994,7.24668681304604],[4.397731955965071,7.250623864200008],[4.407273779961031,7.263540410361713],[4.396230954195232,7.282284161385007],[4.40582771327837,7.295431261343708],[4.407040723350747,7.299756055197861],[4.398666073680431,7.311568230289652],[4.396555924216557,7.324609695880781],[4.399821027118776,7.341554910730622],[4.399158000141654,7.346829000158266],[4.382094000138068,7.361403999594927],[4.374472999429429,7.375127000210966],[4.375815000162163,7.386855000557887],[4.381021000119119,7.394832000596409],[4.377700821835504,7.398663904815407],[4.376459915692578,7.405714133700371],[4.372326035318338,7.415663649158148],[4.371904306338706,7.421518401153321],[4.374723476807048,7.437395552362887],[4.377620456618843,7.443677961668641],[4.389280999718437,7.449071000826052],[4.388108999630674,7.462226000429609],[4.389868999854514,7.471183000694964],[4.386831891278803,7.490799500596552],[4.401072759300462,7.507599289675511],[4.41334874894568,7.516026360827937],[4.417355165708386,7.52974419573809],[4.419772866224832,7.533166369732214],[4.420084778090086,7.539461103347264],[4.423435791428687,7.543901007725367],[4.428141001206313,7.55906094510658],[4.438650776312329,7.581817187812987],[4.457871240865131,7.583552596075492],[4.472581821194126,7.568658384976516],[4.477364093877895,7.565925865086626],[4.48414348563341,7.581901855386377],[4.49737075475656,7.590666534732861],[4.501709047434645,7.59584727812944],[4.508807987198907,7.599144888825606],[4.507855304778559,7.600923272091393],[4.492169488830882,7.610108666881501],[4.486045440244936,7.622187804823398],[4.475139402261675,7.620166895086186],[4.464653525739664,7.621130547436849],[4.449044254688658,7.618661649415628],[4.439357550810371,7.618725657762923],[4.433873466986938,7.615595608750368],[4.429684456372627,7.61069045899751],[4.413611567719727,7.613543265909016],[4.410775332615572,7.612460164704885],[4.401897749681439,7.59613137935969],[4.396944553648268,7.592449333669833],[4.371316764856886,7.596795426168057],[4.364469941034997,7.601932718819967],[4.35760446437456,7.612990356419857],[4.342017932681472,7.621517833281416],[4.32956207143252,7.63514709036599],[4.305541765040459,7.620481270194489],[4.312259903971437,7.608907131259173],[4.33585051069258,7.606850692905198],[4.347024118568243,7.583777214347037],[4.332283035933415,7.56741916776042],[4.299038364429009,7.557670578834177],[4.292605322277836,7.545758834402761],[4.293932681148362,7.542214613413705],[4.279970926716942,7.526386514825845],[4.27574927430959,7.519493313865382],[4.270804173074168,7.502860348126603],[4.27252294927473,7.4968864278664],[4.280255926369932,7.489396165200901],[4.289023181374773,7.48710136693461],[4.294369168002731,7.482210709756487],[4.294350635673368,7.47164974793759],[4.305368480071365,7.460985013347738],[4.304054667688831,7.453980990730201],[4.293202802167627,7.438245767827993],[4.293092032671211,7.431970155598265],[4.306975647708043,7.424541167341033],[4.304114511275714,7.412047390674616],[4.316234073743544,7.394347051075613],[4.319061260768592,7.386095809074391],[4.320295038884979,7.380445309303639],[4.314080335039478,7.366506674643347],[4.320913355167249,7.353571551186178],[4.315402092932288,7.346776682997586],[4.313282029342247,7.32748409101805],[4.304700727156899,7.314443177610599],[4.303989796891642,7.307486997127285],[4.293772335624851,7.305088096038844],[4.287905663115907,7.301285673395171],[4.28847199858393,7.292309007654637],[4.281116663003615,7.280859759370458],[4.269034977282445,7.256385391572621],[4.266325007892874,7.24585675858259],[4.260660547046655,7.241574272434775],[4.218429999844659,7.226390759326137],[4.207595000209153,7.226805758678893],[4.180017000084547,7.218976760069495],[4.167424998564854,7.210664759870838],[4.156324111668482,7.208779948136169],[4.145836998578659,7.20227275868092],[4.128167301579765,7.206941580989223],[4.115356494106948,7.212320965740048],[4.101409671119484,7.210241270018628],[4.090093358821491,7.197872262594899],[4.081985629733083,7.20090008027455]]]}},{"type":"Feature","properties":{"lga":"Aiyedire","state":"Osun","key":"aiyedire"},"geometry":{"type":"Polygon","coordinates":[[[4.294350635673368,7.47164974793759],[4.294369168002731,7.482210709756487],[4.289023181374773,7.48710136693461],[4.280255926369932,7.489396165200901],[4.27252294927473,7.4968864278664],[4.270804173074168,7.502860348126603],[4.27574927430959,7.519493313865382],[4.279970926716942,7.526386514825845],[4.293932681148362,7.542214613413705],[4.292605322277836,7.545758834402761],[4.299038364429009,7.557670578834177],[4.332283035933415,7.56741916776042],[4.347024118568243,7.583777214347037],[4.33585051069258,7.606850692905198],[4.312259903971437,7.608907131259173],[4.305541765040459,7.620481270194489],[4.293911993144036,7.638588069184095],[4.301987924003527,7.648149103598314],[4.29950916311742,7.653678318099935],[4.291915139372236,7.651867372181528],[4.290021797567931,7.654504736604338],[4.285412531962834,7.656150153306953],[4.273195759077055,7.653159705156327],[4.268684000666155,7.64792756910208],[4.247944763739895,7.640800306089318],[4.237382183141278,7.639668780889565],[4.231613732787594,7.640859344782996],[4.222867620844056,7.62936625544836],[4.212934908319426,7.609939263386366],[4.191772177044356,7.618332932818646],[4.186461266674144,7.617909243317001],[4.183025297079837,7.608169769019696],[4.176970604210055,7.610176321979736],[4.175666275178514,7.602674487737488],[4.170041869236911,7.598394514295421],[4.158419496962267,7.604399203960156],[4.144939733282115,7.596887494262489],[4.141589255040117,7.593246460355886],[4.144834042257287,7.587117672342742],[4.144220352087643,7.579142093233088],[4.147108470879289,7.572164045734155],[4.148558621383302,7.569405948226006],[4.153796672278645,7.568672656318086],[4.154346464717605,7.565374849569707],[4.152987480288061,7.557221412438309],[4.154346464717605,7.539555549249258],[4.153250169559726,7.51638118744188],[4.155370159405379,7.509179003708084],[4.149907169180551,7.492844600298099],[4.149039702020673,7.477455690128068],[4.172911204788306,7.493583014744388],[4.188205362387635,7.490396460428371],[4.200137585281368,7.494036781172554],[4.217093485875694,7.490943554001888],[4.250450925170128,7.478604639692435],[4.26794559701176,7.47541327939939],[4.275581564237825,7.477748708136403],[4.282609668901159,7.477483254348783],[4.294350635673368,7.47164974793759]]]}},{"type":"Feature","properties":{"lga":"Ifedayo","state":"Osun","key":"ifedayo"},"geometry":{"type":"Polygon","coordinates":[[[4.947042175755882,7.902162896100833],[4.990539551159429,7.931201458180794],[5.001213550564955,7.946068286722095],[5.016461849035181,7.955217360592769],[5.020274162422709,7.960935592803423],[5.031329155116453,7.976946353591416],[5.03323507304026,7.982283591614532],[5.032854079752042,7.996769427766935],[5.035522459993558,8.005156516859813],[5.053058146316459,8.0234546663998],[5.056488990674438,8.031078338994178],[5.05763292202181,8.039464951446405],[5.054930210161103,8.049190521325556],[5.053439617144647,8.057763100087072],[5.04962730375712,8.064624786105071],[5.044290542374654,8.0699615483868],[5.03971576666936,8.071867942951258],[5.032472608923797,8.0680561071037],[5.029041767263777,8.063862801327275],[5.020655153912287,8.059288024722605],[5.009981632046731,8.050139426593319],[4.998952800631287,8.030323020890762],[5.001062588567663,8.026120312702346],[5.001968999969449,8.018887000734537],[4.998578000074701,8.008804000704117],[4.985014999642544,7.997513000724439],[4.970878388227106,7.980955108591445],[4.937624129050391,7.982263862287482],[4.939591930223457,7.967502847078777],[4.936678761715541,7.962725658262571],[4.926597440719377,7.959599252403621],[4.92379079960574,7.956737240031657],[4.922864841439321,7.951469552877597],[4.927458832059529,7.943375894581891],[4.931741209389372,7.931471592939715],[4.929453061609536,7.923906189219281],[4.934921181567347,7.914607132713058],[4.946279079416058,7.901821934334862],[4.947042175755882,7.902162896100833]]]}},{"type":"Feature","properties":{"lga":"Ethiope West","state":"Delta","key":"ethiopewest"},"geometry":{"type":"Polygon","coordinates":[[[5.894185114951142,5.798591687056785],[5.902400970428516,5.811059951755396],[5.906404018330818,5.825979233255055],[5.906504154243351,5.843882083991048],[5.921317100803606,5.877292156108183],[5.83331012706077,5.941052913760984],[5.835303782843368,5.951471806079041],[5.830506801747561,5.959753990154582],[5.822996139760107,5.966627120944906],[5.812038897976834,5.983871936840444],[5.79505681991634,5.979569912021873],[5.764177322225692,5.997814177782118],[5.698933124763926,6.033555984221323],[5.668930054178702,6.052030087018977],[5.657452105830089,6.033209801890905],[5.626190185828477,6.02878904407919],[5.61600780531603,6.0245428087037],[5.605134009826713,6.02306604366305],[5.593595028088146,6.018115997055645],[5.583425998910798,6.011096001579233],[5.57127380364318,5.99088382672727],[5.572011948292811,5.977714062054361],[5.567243705033036,5.959793461399158],[5.574215235145061,5.956636849111362],[5.579048932862008,5.946970406059449],[5.575143919156574,5.932011818790443],[5.579268255026022,5.925531295133226],[5.58939144126208,5.91912797827365],[5.610338737242955,5.913994663323081],[5.616918654872052,5.917261758223617],[5.620361804653612,5.929486275171485],[5.626039917208459,5.939780185107509],[5.634094204983626,5.944203691247424],[5.640660112973876,5.945772789682565],[5.664360730163594,5.924094986994078],[5.681826605713354,5.903775005911825],[5.691942520031319,5.902184374109652],[5.69571330812272,5.891834821320003],[5.698814846827759,5.890753150037881],[5.716145300665119,5.892955263274814],[5.72117592382989,5.894834999235854],[5.725654266131528,5.898707247941161],[5.728018331081159,5.898490193867417],[5.728868753390316,5.896629882363243],[5.726051079393869,5.892301043358486],[5.725305983884084,5.885314354274101],[5.71963762987275,5.867829471552909],[5.721063234280905,5.863079344236382],[5.725090277894083,5.859662007695533],[5.731598516858128,5.861049087845174],[5.736374173229535,5.865004470779752],[5.746145083328997,5.865012713965598],[5.751675493928929,5.860943395921026],[5.753110727378214,5.855222793097482],[5.757728410637696,5.852534279733277],[5.765289186446864,5.854014378560748],[5.772345312186474,5.852814607408277],[5.779265750014417,5.838954334275172],[5.776590317289333,5.833864009616377],[5.773720985335274,5.833911839160123],[5.771619438786104,5.831723006211803],[5.77056405828472,5.827766696975516],[5.77160037136008,5.823935784708738],[5.777539943813395,5.818594953894035],[5.777015818924951,5.814902030904079],[5.778059808613307,5.811861810674088],[5.787911372611802,5.808051738397069],[5.79229272842673,5.808777709823516],[5.794870410241288,5.806490392117951],[5.796289742777446,5.800426829234823],[5.794219889236558,5.795922565773822],[5.795585793949272,5.791765348891772],[5.798517804153391,5.790831364276073],[5.802534923747771,5.786862272076235],[5.804649897175068,5.790595174427779],[5.808354421419438,5.791794511207797],[5.812536240155396,5.788906574978512],[5.811231113425208,5.783408586736925],[5.81263111683262,5.780010329313313],[5.818866466414363,5.776530471903811],[5.819715696222431,5.773867366186039],[5.822189327375611,5.77214350791661],[5.82557990189099,5.771029327941164],[5.828004526287884,5.77530144040918],[5.826148455986527,5.776846225672841],[5.825790350444379,5.780659111928514],[5.830419249149088,5.784425923217839],[5.834485085018684,5.781758614068849],[5.837828742802287,5.781680898254876],[5.839342645346846,5.783469606637084],[5.839188808216988,5.787361713272503],[5.84343806801246,5.792516905131095],[5.852480550636926,5.787224277978112],[5.857104851108033,5.789598260651246],[5.862772226657,5.788750268310309],[5.864514431995474,5.783394763257775],[5.869574844303656,5.781298511916816],[5.871727573968428,5.78280236723549],[5.871994592576414,5.788462686703667],[5.874392653698067,5.791394165408462],[5.887261362222148,5.789215812259954],[5.890036422742753,5.790750966683788],[5.889344735271379,5.795311371222851],[5.894185114951142,5.798591687056785]]]}},{"type":"Feature","properties":{"lga":"Oshimili North","state":"Delta","key":"oshimilinorth"},"geometry":{"type":"Polygon","coordinates":[[[6.575504780021618,6.495079994046534],[6.570803164834217,6.481864928723553],[6.57093191087904,6.45274019180647],[6.579260826426037,6.414668082765843],[6.574593067116382,6.393824100002234],[6.572732924684772,6.352892876205317],[6.566042900359605,6.327871798844512],[6.566765785312782,6.318170070892108],[6.573599815379225,6.310597897075354],[6.581527233095358,6.291166781621712],[6.594122886761852,6.283030033209513],[6.607806205691872,6.264420032958185],[6.626245975071754,6.246541978329674],[6.634452820241506,6.23620891640843],[6.625040054355054,6.211857796200377],[6.610161781041427,6.193010806603468],[6.606887817119116,6.164550781093737],[6.610366821071977,6.146549226165916],[6.610406875976594,6.137534142286881],[6.619986056911046,6.124437809956987],[6.63157415422387,6.118292808966032],[6.641133784796352,6.109356879816175],[6.645172596038549,6.101227282812886],[6.656263351172754,6.106657505339626],[6.688491821140701,6.108403206342928],[6.699920653915115,6.119133949372326],[6.714019298651749,6.156132221125176],[6.709259509918525,6.162525176895429],[6.693490982422929,6.177591323980494],[6.687438010855544,6.188879966837021],[6.70581483758474,6.261802197313614],[6.723134636254485,6.265575642901638],[6.722107456693834,6.282715410787603],[6.712820052703307,6.353365898017842],[6.707312106268716,6.368577003226164],[6.699773788329708,6.381690025174578],[6.692131042014012,6.418381214421572],[6.681765079295019,6.455741882382029],[6.673863887608377,6.468333243584368],[6.668920994208577,6.50123405570713],[6.659813880905915,6.498556137256003],[6.646256923917974,6.4887337679491],[6.632654189639197,6.489315033062383],[6.622426032735291,6.49547100128575],[6.608807087277285,6.499517918117476],[6.585692882920284,6.497939110601521],[6.575504780021618,6.495079994046534]]]}},{"type":"Feature","properties":{"lga":"Bomadi","state":"Delta","key":"bomadi"},"geometry":{"type":"Polygon","coordinates":[[[5.927826404564939,5.16072320910888],[5.924341581099156,5.165802497287473],[5.911362133655587,5.176975002594361],[5.903208838617047,5.191395067728251],[5.889666146675381,5.195245400854617],[5.883688999647688,5.198609000205238],[5.886881002056668,5.209069589589944],[5.856567390172984,5.218267181884983],[5.858677214981526,5.220337525556431],[5.860198676327911,5.225523003883552],[5.855877496849075,5.224880948197267],[5.848598448959308,5.229784329882989],[5.848327807882072,5.236119312656228],[5.838703015132069,5.242872267940868],[5.839073581680509,5.248115022290506],[5.845823427109508,5.255224289869147],[5.846756260592997,5.259761331820073],[5.843370132325788,5.265965193439001],[5.84638884167174,5.28461833326952],[5.844637687179556,5.288069846746055],[5.838992374698364,5.289768330643994],[5.835957232940018,5.292608524563832],[5.834401019991105,5.302065666597287],[5.831405865688225,5.307476414305142],[5.825230985621545,5.309994785830725],[5.809756769359467,5.30343014768323],[5.799780028725365,5.305977589793997],[5.79468572816387,5.314772742667969],[5.796795197740209,5.321479164332004],[5.811266953207394,5.331625657398206],[5.816314195843518,5.33693778365182],[5.818173671877503,5.34212659396718],[5.812931222398049,5.350730295566734],[5.804984945898582,5.35877437513733],[5.78752551758862,5.354539126779343],[5.778269061068386,5.341295519672542],[5.772912201636871,5.340477147402453],[5.76102280086161,5.346984570681457],[5.75621497843855,5.345637968117785],[5.750903121981537,5.334349827082917],[5.728351252008736,5.32825212323695],[5.725352835864726,5.321309387618214],[5.725292308793087,5.315368830407238],[5.73576039762429,5.309054827918033],[5.736581034387257,5.303197366265465],[5.739748148058652,5.305590991930785],[5.740690810232763,5.30295355196489],[5.743764216345539,5.303763663062625],[5.74491654016623,5.302825771791959],[5.743280006966813,5.290319633044703],[5.745865890598395,5.2874394516694],[5.74833033068029,5.27585199827115],[5.747334133663401,5.273775995166091],[5.737869619887078,5.271334218899142],[5.736971263712917,5.266654030958819],[5.740082569954666,5.260133261740691],[5.746053378560646,5.259351965820599],[5.748107539831153,5.260309911972911],[5.749737427939976,5.264024799105243],[5.756951849648203,5.267854974827287],[5.761519618735463,5.260358630946087],[5.766687662805452,5.258910644210914],[5.772105761571709,5.259721064675432],[5.781270255218146,5.261797989585602],[5.787400892237429,5.268372841333587],[5.801597000101538,5.271890999969742],[5.808337079792466,5.264942411563084],[5.81205352095327,5.247334454821271],[5.801026595201279,5.239817754785577],[5.782019000176774,5.230978000034725],[5.771049999757736,5.223099000018863],[5.764723000266315,5.216984000411344],[5.763276000087387,5.213092999942035],[5.758375999852547,5.209717999885811],[5.76097199995786,5.199074000065082],[5.768855000158169,5.18719099976488],[5.778600999936259,5.176426999806267],[5.800390794299744,5.187206058912523],[5.818613006884789,5.189382214117927],[5.828151355900388,5.186822647347356],[5.832721947959556,5.1802358301195],[5.838725595310052,5.17616037600061],[5.86379397521182,5.184790546446607],[5.879062884344705,5.176211113951808],[5.881353320899109,5.1095089913469],[5.88273048422451,5.101841449823098],[5.885300636015586,5.099972247621167],[5.896516323169806,5.104411601614174],[5.909367560564533,5.104878901939799],[5.914507865945325,5.108150005118716],[5.916377068147199,5.131515980078461],[5.917545318961345,5.134086131869537],[5.921751499432219,5.135020733420163],[5.926891803913691,5.139927864379501],[5.927826404564939,5.16072320910888]]]}},{"type":"Feature","properties":{"lga":"Ughelli South","state":"Delta","key":"ughellisouth"},"geometry":{"type":"Polygon","coordinates":[[[5.974926472178993,5.137524605176452],[5.980889319986204,5.130557536601088],[5.986678600437131,5.14397716531397],[5.986904144111008,5.154372214805903],[5.984343528730903,5.159445285971231],[5.988394259587437,5.184133529638757],[5.989916325278216,5.185959816192621],[6.002083301802998,5.189204215801965],[6.029661655361167,5.192989825620032],[6.049129008996601,5.199478625738038],[6.062648296082045,5.205967903396072],[6.071164131219746,5.207942962997379],[6.052321434086934,5.209196567567574],[6.043224334735328,5.212107657742251],[6.028305054134989,5.221204757993235],[6.01302194560634,5.233940600678238],[6.006835937328674,5.245948792003219],[6.004652500312716,5.267054080881167],[6.010110855431662,5.287067889571517],[6.018115997055645,5.299803734055104],[6.026184082229634,5.316720008721461],[6.028476238287794,5.326867104333473],[6.021911876232139,5.352084241094872],[6.018167045272946,5.354988964968811],[6.011584999847912,5.375707000377815],[6.00567599984754,5.381107000287898],[5.997193693234408,5.395696547157968],[5.994163036395037,5.397315978849406],[5.981091975914012,5.431188108244669],[5.98717308007366,5.44025421066334],[5.995237826964171,5.461819171817353],[5.992845438766039,5.472875566554194],[5.993936355978121,5.475391167268583],[5.992703960119684,5.47645562282878],[5.987800982229601,5.474541190123887],[5.968712944646711,5.482201864424553],[5.95934738687248,5.491795850897859],[5.968494469644099,5.495223550326614],[5.96512699061816,5.504563808373121],[5.951518059111208,5.506530762384841],[5.918898106162715,5.501404761620506],[5.9086861613373,5.504094123944697],[5.906599997691785,5.514479160385008],[5.927536108804418,5.534241003319721],[5.917338848109409,5.546469211984572],[5.883985042975382,5.553819180410869],[5.864266872018561,5.552961826127444],[5.850398064319279,5.556378365868966],[5.842069148772225,5.55766534787756],[5.840270995709943,5.558976650252248],[5.840486294307084,5.563815186321847],[5.837602935627046,5.564247256605654],[5.834921256211032,5.561946942797249],[5.834281421850164,5.554827904983881],[5.831312141042531,5.553081241705968],[5.827819553729455,5.560429443863768],[5.819568683148248,5.561960985710982],[5.825326882129957,5.551184147030824],[5.826372369189528,5.54212441181221],[5.83799007668074,5.536884854552454],[5.850102901427817,5.526492119016154],[5.850958023593989,5.522126378129883],[5.858325005394704,5.512691021273668],[5.861776829137398,5.500929832345946],[5.867250918794923,5.493347167937486],[5.879521847055628,5.486515045333135],[5.890418052750988,5.483138083855522],[5.891139984422807,5.47343492508179],[5.888762441333654,5.450776023194976],[5.889476276409084,5.444282084350789],[5.887676002745366,5.436312360726902],[5.885614413974054,5.431209674886645],[5.865530013899047,5.421210765964133],[5.854682921979304,5.413492203202679],[5.841104031425971,5.408524990336105],[5.827495098120323,5.410491943448505],[5.814552783684064,5.415238856588019],[5.809755801688937,5.423521041562879],[5.802921771622493,5.431091784558248],[5.788486957607063,5.442311764176623],[5.752336000106368,5.420881999904395],[5.728889614963805,5.414540637340565],[5.702495342985742,5.410219980367856],[5.698472155665513,5.400912967559464],[5.702933418942166,5.394987018935808],[5.712593739409613,5.390589057139323],[5.718350510267896,5.386123209118864],[5.71486820490378,5.374092070692541],[5.719169589405055,5.373350624631655],[5.723075768631873,5.368498438652068],[5.723202989426454,5.357528521823895],[5.71945648842626,5.342886436559866],[5.722015619025626,5.334876337872743],[5.728351252008736,5.32825212323695],[5.750903121981537,5.334349827082917],[5.75621497843855,5.345637968117785],[5.76102280086161,5.346984570681457],[5.772912201636871,5.340477147402453],[5.778269061068386,5.341295519672542],[5.78752551758862,5.354539126779343],[5.804984945898582,5.35877437513733],[5.812931222398049,5.350730295566734],[5.818173671877503,5.34212659396718],[5.816314195843518,5.33693778365182],[5.811266953207394,5.331625657398206],[5.796795197740209,5.321479164332004],[5.79468572816387,5.314772742667969],[5.799780028725365,5.305977589793997],[5.809756769359467,5.30343014768323],[5.825230985621545,5.309994785830725],[5.831405865688225,5.307476414305142],[5.834401019991105,5.302065666597287],[5.835957232940018,5.292608524563832],[5.838992374698364,5.289768330643994],[5.844637687179556,5.288069846746055],[5.84638884167174,5.28461833326952],[5.843370132325788,5.265965193439001],[5.846756260592997,5.259761331820073],[5.845823427109508,5.255224289869147],[5.839073581680509,5.248115022290506],[5.838703015132069,5.242872267940868],[5.848327807882072,5.236119312656228],[5.848598448959308,5.229784329882989],[5.855877496849075,5.224880948197267],[5.860198676327911,5.225523003883552],[5.858677214981526,5.220337525556431],[5.856567390172984,5.218267181884983],[5.886881002056668,5.209069589589944],[5.883688999647688,5.198609000205238],[5.889666146675381,5.195245400854617],[5.903208838617047,5.191395067728251],[5.911362133655587,5.176975002594361],[5.924341581099156,5.165802497287473],[5.927826404564939,5.16072320910888],[5.93320083495064,5.164695262776206],[5.94605207414395,5.164227961551205],[5.960538863577767,5.157218455767179],[5.964244842925211,5.149107455844444],[5.974926472178993,5.137524605176452]]]}},{"type":"Feature","properties":{"lga":"Ughelli North","state":"Delta","key":"ughellinorth"},"geometry":{"type":"Polygon","coordinates":[[[6.071164131219746,5.207942962997379],[6.08950281140568,5.21295022986925],[6.111935138995534,5.215217113179278],[6.134345054580649,5.22233819964822],[6.154729842608219,5.225975989700203],[6.16148710294749,5.235740184561905],[6.151268004914527,5.239816189065948],[6.144433974848084,5.247386932061318],[6.11776399591173,5.28114604995028],[6.095006600274417,5.318561420972856],[6.094262733238622,5.333118306264851],[6.096314907007411,5.364184855746544],[6.088019848237479,5.394629002426541],[6.087976932589413,5.404337882687173],[6.080441952034505,5.416758059736708],[6.061984062214719,5.438796042703245],[6.056478977422898,5.45331287488932],[6.055731773002947,5.46856403410294],[6.057713984912539,5.481756209881212],[6.072535992142377,5.513085841638315],[6.077941895202343,5.520759106447656],[6.086754798894901,5.527073859870768],[6.10237693834506,5.53136491835636],[6.11118888875626,5.537680149319499],[6.116582870403192,5.548127174229762],[6.115850924780375,5.559909820981488],[6.112383842240547,5.575138092449038],[6.115060805611733,5.584867953893024],[6.123867988716768,5.592569827935279],[6.136096001329463,5.595446109850116],[6.163301944729028,5.594285011344255],[6.174163817905935,5.598536014925173],[6.194493770671045,5.614655018114661],[6.21146297493641,5.621732234754859],[6.190961838018438,5.644445896361049],[6.179989814978001,5.665159224718479],[6.174417972611423,5.694931984323659],[6.173686027887925,5.706716060997451],[6.166832446560193,5.726475715881634],[6.162654877120929,5.740603924031916],[6.149661244670767,5.755693228659595],[6.143838358353605,5.751374609550624],[6.113441149989114,5.75163399831041],[6.106323746243959,5.743319658075791],[6.097423639789213,5.722350490582699],[6.092120064289588,5.716907199107993],[6.080306607663886,5.719466296432472],[6.074187707696581,5.719009134164253],[6.069675775716519,5.715900567257449],[6.065060034992655,5.698029764761884],[6.06011580160299,5.688904595770509],[6.050488815406538,5.686163354255427],[6.041172027866821,5.685502052178038],[6.044614791839194,5.675821781150319],[6.054209231570837,5.659257888740626],[6.057663917855564,5.646803855813346],[6.059088229937913,5.632253170447484],[6.058454037024262,5.621844768721132],[6.040855884691382,5.60297489227753],[6.028649807442719,5.595244883844373],[6.016235000245103,5.591760000123941],[6.011416638667015,5.578511685066246],[6.007284818639505,5.57315049899637],[5.997719267830007,5.569432686369453],[5.98998691126701,5.557399939955303],[5.978481422079994,5.55473516059925],[5.969036191567056,5.549374816294801],[5.954934704972686,5.549826158150722],[5.954647442625401,5.566405853447407],[5.941494313611713,5.56210198771663],[5.934047547556304,5.563671621248375],[5.92263900528593,5.562991465783568],[5.919783942874687,5.565574220673795],[5.921359997565901,5.574010556641952],[5.919534946680471,5.579330595130898],[5.917441530901954,5.580594160592113],[5.917895701125758,5.588671730016358],[5.915786290005315,5.591215019957247],[5.915968738166782,5.596358802117095],[5.911275341883595,5.601062769031614],[5.901365268892107,5.599063416943181],[5.900899454246485,5.601868050769951],[5.895512368600976,5.608968572441711],[5.892369021313357,5.60903072009171],[5.886929447635964,5.605815631186488],[5.882386242631014,5.608843938097323],[5.878698077054651,5.609319831445134],[5.866741287380535,5.618897160675488],[5.861209040364997,5.620919702682158],[5.858056253793109,5.615208996897763],[5.853016375705238,5.595533847708964],[5.846067429368418,5.587218761936356],[5.848122004327081,5.561492663755473],[5.850398064319279,5.556378365868966],[5.864266872018561,5.552961826127444],[5.883985042975382,5.553819180410869],[5.917338848109409,5.546469211984572],[5.927536108804418,5.534241003319721],[5.906599997691785,5.514479160385008],[5.9086861613373,5.504094123944697],[5.918898106162715,5.501404761620506],[5.951518059111208,5.506530762384841],[5.96512699061816,5.504563808373121],[5.968494469644099,5.495223550326614],[5.95934738687248,5.491795850897859],[5.968712944646711,5.482201864424553],[5.987800982229601,5.474541190123887],[5.992703960119684,5.47645562282878],[5.993936355978121,5.475391167268583],[5.992845438766039,5.472875566554194],[5.995237826964171,5.461819171817353],[5.98717308007366,5.44025421066334],[5.981091975914012,5.431188108244669],[5.994163036395037,5.397315978849406],[5.997193693234408,5.395696547157968],[6.00567599984754,5.381107000287898],[6.011584999847912,5.375707000377815],[6.018167045272946,5.354988964968811],[6.021911876232139,5.352084241094872],[6.028476238287794,5.326867104333473],[6.026184082229634,5.316720008721461],[6.018115997055645,5.299803734055104],[6.010110855431662,5.287067889571517],[6.004652500312716,5.267054080881167],[6.006835937328674,5.245948792003219],[6.01302194560634,5.233940600678238],[6.028305054134989,5.221204757993235],[6.043224334735328,5.212107657742251],[6.052321434086934,5.209196567567574],[6.071164131219746,5.207942962997379]]]}},{"type":"Feature","properties":{"lga":"Ika South","state":"Delta","key":"ikasouth"},"geometry":{"type":"Polygon","coordinates":[[[6.25663995656879,6.016697884000223],[6.270244121668952,6.016118049708268],[6.283148766202657,6.019692898008884],[6.293352126999082,6.019083976944046],[6.299509047604488,6.010814190022927],[6.309711932659638,6.010204792317381],[6.319196224326333,6.018606186026716],[6.323217869309246,6.031816005604242],[6.327185153871824,6.057507991600573],[6.335867881597494,6.092947006199438],[6.34465885172466,6.10411596278152],[6.348011017094791,6.115240097152821],[6.347649154185149,6.120736588023192],[6.314561999836485,6.108377000098528],[6.3016050003705,6.105829000408107],[6.28706399980382,6.10538599976411],[6.27036999977571,6.100137999669016],[6.262637000197458,6.092664000343404],[6.245908000354007,6.085344000025657],[6.236502000067276,6.088499999875125],[6.231258000156629,6.092275000390998],[6.217027000395774,6.110950000042521],[6.215987955180026,6.122147760111091],[6.224352986601104,6.157088276003208],[6.204043210126088,6.16155272018193],[6.183961079939934,6.156782540681775],[6.180230421396857,6.157042999634768],[6.178039905817059,6.158854028290818],[6.174268514280584,6.167168709368468],[6.163624901168305,6.17078633931817],[6.164341504356969,6.182863891755233],[6.176898003340227,6.210903167647132],[6.180285809742372,6.231574285424983],[6.188346076210507,6.251038086738333],[6.188336905823576,6.255596938148244],[6.195067640659147,6.253493778215329],[6.208227260080037,6.253830648066014],[6.235201913137814,6.263533500170922],[6.23388766908073,6.250887762360378],[6.241989136189716,6.254440784114934],[6.246106147980413,6.24615287765323],[6.250969886650978,6.222614765259266],[6.259102821038425,6.228923798994174],[6.28141498571307,6.258235931243291],[6.284070014619545,6.272820950026869],[6.280618190876851,6.284582138055271],[6.262197017678261,6.298297882041652],[6.254680156663937,6.306557178371122],[6.246644019006339,6.312650203943804],[6.212637901418077,6.279160976198114],[6.197598933643917,6.282746315090435],[6.193511008626217,6.298419952418897],[6.188703060298053,6.309475899293375],[6.18049001700075,6.32119703331648],[6.167523860637687,6.331490992715203],[6.140926838303017,6.348607062565918],[6.126613139584776,6.356115817990656],[6.11304283126168,6.349068164764049],[6.08801698659471,6.318346977431133],[6.086041926993403,6.303767204393012],[6.086105823824767,6.289205074254824],[6.07663202274972,6.27872276264543],[6.084858894022773,6.263535022723147],[6.112161160209439,6.240878104740773],[6.115742206637549,6.199992179795288],[6.134387016047981,6.135653018671917],[6.14808320967245,6.114270209802385],[6.163812159803399,6.094288826168452],[6.169303894159441,6.082546234321285],[6.195523070833076,6.054463880903427],[6.220484866683307,6.053136716286474],[6.240929196125535,6.055820748328927],[6.244851975937991,6.053682279213888],[6.243274393298634,6.053020789178106],[6.232762814152579,6.033836841597008],[6.240956782829301,6.026277064934675],[6.25663995656879,6.016697884000223]]]}},{"type":"Feature","properties":{"lga":"Oye","state":"Ekiti","key":"oye"},"geometry":{"type":"Polygon","coordinates":[[[5.401253000325767,7.720521000243991],[5.398823999827755,7.738427999552584],[5.402536060390901,7.762082363710192],[5.409190701789498,7.766088186920342],[5.419913322142179,7.782564039299018],[5.417104403045812,7.815696963743903],[5.404431657694886,7.827667531931127],[5.398242187926655,7.838182083336505],[5.408123323432676,7.856385921872857],[5.445495842659057,7.873666730435332],[5.444459266981653,7.882504622690249],[5.42983462406869,7.898100256421742],[5.42089292576793,7.915213330630763],[5.427289122694901,7.938272866999284],[5.423613545828516,7.951694172947782],[5.410188879113548,7.986941988981641],[5.412795046953875,7.989446054092184],[5.416949530796273,8.001755228720867],[5.419099015707047,8.027280115285123],[5.411876402973689,8.041657352005245],[5.389381228061268,8.068340825268933],[5.365753315663028,8.091933445572124],[5.360624312961704,8.082940101904228],[5.358742713605409,8.073907851766023],[5.358742713605409,8.063370704894169],[5.361377238868499,8.04342460616067],[5.360624312961704,8.038532257357815],[5.351968765446202,8.025736809406283],[5.332399368436143,8.009554862666846],[5.317722321128258,8.007673264209814],[5.282862185741351,8.008471488968098],[5.262400627087345,8.012941359656054],[5.256755829018346,8.018210411081668],[5.248223478730608,8.019822709350592],[5.250177692046918,8.002367894562724],[5.265186570304024,7.983708313787702],[5.271652365764112,7.951544261358606],[5.263809847646428,7.943184826418644],[5.262559988752514,7.939697862566334],[5.267123122733949,7.899305643840421],[5.266414750140655,7.883227675816613],[5.249961065151069,7.882437023350008],[5.246984999857887,7.863811999923882],[5.241356000179337,7.843860999885294],[5.247439000109807,7.834771999827979],[5.250035000215121,7.824128000007249],[5.248682281362221,7.815131060849808],[5.253364241866336,7.814181435225123],[5.258408467276979,7.792366602836523],[5.260575800133097,7.77602628818272],[5.263259840269484,7.768732977045318],[5.268929000073342,7.765741000047171],[5.274927999727481,7.76587099974688],[5.296872999989034,7.753518000255553],[5.311024293736239,7.736709861870679],[5.321578614061821,7.72771920627639],[5.335832515957918,7.720410478061183],[5.357776958639761,7.715516491592837],[5.368305999922029,7.720051000153603],[5.38763800019359,7.717189000372116],[5.401253000325767,7.720521000243991]]]}},{"type":"Feature","properties":{"lga":"Uvwie","state":"Delta","key":"uvwie"},"geometry":{"type":"Polygon","coordinates":[[[5.783995603914036,5.515962494973223],[5.795017569904985,5.516335578724011],[5.800490410404166,5.518258080146325],[5.801012992955293,5.520910740238492],[5.796851798371847,5.526590032703893],[5.789728596697444,5.532704228317527],[5.789852629395398,5.535155921408716],[5.796036685244871,5.534680593734436],[5.799252417165349,5.539621424089489],[5.797868634829683,5.540546267995921],[5.793326820176674,5.539690676383657],[5.789446568404458,5.541531207299442],[5.784245966178446,5.548890643788241],[5.785417841260426,5.551421034752991],[5.79129971590919,5.552556980120585],[5.795372106037917,5.548452871802624],[5.798558218786809,5.548446508199845],[5.803212062886416,5.550905398565362],[5.807973947040068,5.548282756943706],[5.810478654266547,5.548362972872951],[5.813246218937877,5.55477144194856],[5.819568683148248,5.561960985710982],[5.827819553729455,5.560429443863768],[5.831312141042531,5.553081241705968],[5.834281421850164,5.554827904983881],[5.834921256211032,5.561946942797249],[5.837602935627046,5.564247256605654],[5.840486294307084,5.563815186321847],[5.840270995709943,5.558976650252248],[5.842069148772225,5.55766534787756],[5.850398064319279,5.556378365868966],[5.848122004327081,5.561492663755473],[5.846067429368418,5.587218761936356],[5.833924769612452,5.586434364254558],[5.82345056539134,5.587461947610848],[5.818600178055817,5.589697360944513],[5.797532783011548,5.605907880044697],[5.791154384567221,5.614446780094852],[5.783128373275872,5.621991794385849],[5.77736377741644,5.624300003342512],[5.770340442757288,5.623136997374559],[5.76395654585798,5.619179725863717],[5.75833177569092,5.617972374325689],[5.705931186674945,5.581848621316851],[5.730490928913298,5.56689723222155],[5.731701410991377,5.556974287233629],[5.734824039697742,5.557284449018141],[5.743048634786703,5.55289522773262],[5.744077005949123,5.554784713243976],[5.748148193684244,5.556373362940406],[5.751131846557541,5.550171601238446],[5.753796211326119,5.55138721035155],[5.753358692050028,5.555073874060099],[5.757262095968997,5.556230130616086],[5.762842144649312,5.552488243137987],[5.769973173123503,5.550154179571791],[5.77062972138458,5.54748272724612],[5.772974093879384,5.546043152769357],[5.779924943181641,5.547384933168189],[5.777393187945336,5.541865700241942],[5.778381344123773,5.538419678925095],[5.777360648675028,5.533598884680828],[5.773444435712179,5.527782531938328],[5.784025652062269,5.525036351346614],[5.783995603914036,5.515962494973223]]]}},{"type":"Feature","properties":{"lga":"Okpe","state":"Delta","key":"okpe"},"geometry":{"type":"Polygon","coordinates":[[[5.705931186674945,5.581848621316851],[5.75833177569092,5.617972374325689],[5.76395654585798,5.619179725863717],[5.770340442757288,5.623136997374559],[5.77736377741644,5.624300003342512],[5.783128373275872,5.621991794385849],[5.791154384567221,5.614446780094852],[5.797532783011548,5.605907880044697],[5.818600178055817,5.589697360944513],[5.82345056539134,5.587461947610848],[5.833924769612452,5.586434364254558],[5.846067429368418,5.587218761936356],[5.853016375705238,5.595533847708964],[5.858056253793109,5.615208996897763],[5.861209040364997,5.620919702682158],[5.866741287380535,5.618897160675488],[5.878698077054651,5.609319831445134],[5.882386242631014,5.608843938097323],[5.886929447635964,5.605815631186488],[5.892369021313357,5.60903072009171],[5.895512368600976,5.608968572441711],[5.900899454246485,5.601868050769951],[5.918334007308658,5.629001140989885],[5.91044049583229,5.64071266665627],[5.906793868142529,5.657239105900089],[5.899454070149261,5.661867790566134],[5.889294162795409,5.672098150809063],[5.878291085265403,5.680415802347454],[5.874653963409742,5.688329035956315],[5.859580038987644,5.690231800856964],[5.856653680123316,5.698136552959625],[5.852856121013247,5.703069301107405],[5.858107088871122,5.715878009562516],[5.86009502406614,5.72768402070102],[5.868165969983579,5.747861862135267],[5.887896060554795,5.753002644156766],[5.890539168947555,5.763305186685045],[5.906148911243292,5.770370007070198],[5.906779765873523,5.781470777054778],[5.902640819618171,5.794611930696078],[5.894185114951142,5.798591687056785],[5.889344735271379,5.795311371222851],[5.890036422742753,5.790750966683788],[5.887261362222148,5.789215812259954],[5.874392653698067,5.791394165408462],[5.871994592576414,5.788462686703667],[5.871727573968428,5.78280236723549],[5.869574844303656,5.781298511916816],[5.864514431995474,5.783394763257775],[5.862772226657,5.788750268310309],[5.857104851108033,5.789598260651246],[5.852480550636926,5.787224277978112],[5.84343806801246,5.792516905131095],[5.839188808216988,5.787361713272503],[5.839342645346846,5.783469606637084],[5.837828742802287,5.781680898254876],[5.834485085018684,5.781758614068849],[5.830419249149088,5.784425923217839],[5.825790350444379,5.780659111928514],[5.826148455986527,5.776846225672841],[5.828004526287884,5.77530144040918],[5.82557990189099,5.771029327941164],[5.822189327375611,5.77214350791661],[5.819715696222431,5.773867366186039],[5.818866466414363,5.776530471903811],[5.81263111683262,5.780010329313313],[5.811231113425208,5.783408586736925],[5.812536240155396,5.788906574978512],[5.808354421419438,5.791794511207797],[5.804649897175068,5.790595174427779],[5.802534923747771,5.786862272076235],[5.798517804153391,5.790831364276073],[5.795585793949272,5.791765348891772],[5.794219889236558,5.795922565773822],[5.796289742777446,5.800426829234823],[5.794870410241288,5.806490392117951],[5.79229272842673,5.808777709823516],[5.787911372611802,5.808051738397069],[5.778059808613307,5.811861810674088],[5.777015818924951,5.814902030904079],[5.752456188202586,5.77117204765193],[5.746366977554032,5.764185905355305],[5.732871055754686,5.74049520498977],[5.72543001208544,5.731418132640783],[5.725958998708848,5.719919961237281],[5.715658241334836,5.713963852050199],[5.707572102270774,5.714339784853223],[5.685152223995999,5.708944572933717],[5.669136706693735,5.706705001134935],[5.650618398620225,5.700676516308249],[5.676036835131868,5.674835205080683],[5.692416191154337,5.661795138834634],[5.696485995732189,5.647008895843896],[5.680222034419387,5.651290893659848],[5.655903815908403,5.614335060015037],[5.674995898641839,5.602705002134201],[5.692055224868795,5.589670180734288],[5.705931186674945,5.581848621316851]]]}},{"type":"Feature","properties":{"lga":"Udu","state":"Delta","key":"udu"},"geometry":{"type":"Polygon","coordinates":[[[5.788486957607063,5.442311764176623],[5.802921771622493,5.431091784558248],[5.809755801688937,5.423521041562879],[5.814552783684064,5.415238856588019],[5.827495098120323,5.410491943448505],[5.841104031425971,5.408524990336105],[5.854682921979304,5.413492203202679],[5.865530013899047,5.421210765964133],[5.885614413974054,5.431209674886645],[5.887676002745366,5.436312360726902],[5.889476276409084,5.444282084350789],[5.888762441333654,5.450776023194976],[5.891139984422807,5.47343492508179],[5.890418052750988,5.483138083855522],[5.879521847055628,5.486515045333135],[5.867250918794923,5.493347167937486],[5.861776829137398,5.500929832345946],[5.858325005394704,5.512691021273668],[5.850958023593989,5.522126378129883],[5.850102901427817,5.526492119016154],[5.83799007668074,5.536884854552454],[5.826372369189528,5.54212441181221],[5.825326882129957,5.551184147030824],[5.819568683148248,5.561960985710982],[5.813246218937877,5.55477144194856],[5.810478654266547,5.548362972872951],[5.807973947040068,5.548282756943706],[5.803212062886416,5.550905398565362],[5.798558218786809,5.548446508199845],[5.795372106037917,5.548452871802624],[5.79129971590919,5.552556980120585],[5.785417841260426,5.551421034752991],[5.784245966178446,5.548890643788241],[5.789446568404458,5.541531207299442],[5.793326820176674,5.539690676383657],[5.797868634829683,5.540546267995921],[5.799252417165349,5.539621424089489],[5.796036685244871,5.534680593734436],[5.789852629395398,5.535155921408716],[5.789728596697444,5.532704228317527],[5.796851798371847,5.526590032703893],[5.801012992955293,5.520910740238492],[5.800490410404166,5.518258080146325],[5.795017569904985,5.516335578724011],[5.783995603914036,5.515962494973223],[5.771541081755572,5.523655638397031],[5.76927873732393,5.522963277333417],[5.768994888803149,5.519397270267859],[5.77439696794579,5.506620957191444],[5.779020000372782,5.501768999639694],[5.780268424847975,5.494067324347611],[5.779039298025225,5.49064929802671],[5.771601255393648,5.487957020999772],[5.766924340086291,5.488000722655272],[5.755845084583029,5.495820289175072],[5.750259366576529,5.491034306787867],[5.743719031707997,5.482922978612635],[5.745858073691181,5.478210521198662],[5.750542190769522,5.474284277197683],[5.7489559998196,5.468636999697821],[5.759066000195787,5.466161999776489],[5.767314766363427,5.44816057435105],[5.776979001579718,5.443839093599365],[5.788486957607063,5.442311764176623]]]}},{"type":"Feature","properties":{"lga":"Sapele","state":"Delta","key":"sapele"},"geometry":{"type":"Polygon","coordinates":[[[5.570749999812676,5.778253000075949],[5.576614999582603,5.781008000318991],[5.589044999926841,5.77941499970251],[5.598300999591515,5.781102000157205],[5.604169000399111,5.773168000303031],[5.60128799974143,5.766303000283301],[5.600451999859956,5.757333000317772],[5.60143400017904,5.73243100039042],[5.633079999942083,5.706549000236237],[5.639407000332824,5.697978999831037],[5.650618398620225,5.700676516308249],[5.669136706693735,5.706705001134935],[5.685152223995999,5.708944572933717],[5.707572102270774,5.714339784853223],[5.715658241334836,5.713963852050199],[5.725958998708848,5.719919961237281],[5.72543001208544,5.731418132640783],[5.732871055754686,5.74049520498977],[5.746366977554032,5.764185905355305],[5.752456188202586,5.77117204765193],[5.777015818924951,5.814902030904079],[5.777539943813395,5.818594953894035],[5.77160037136008,5.823935784708738],[5.77056405828472,5.827766696975516],[5.771619438786104,5.831723006211803],[5.773720985335274,5.833911839160123],[5.776590317289333,5.833864009616377],[5.779265750014417,5.838954334275172],[5.772345312186474,5.852814607408277],[5.765289186446864,5.854014378560748],[5.757728410637696,5.852534279733277],[5.753110727378214,5.855222793097482],[5.751675493928929,5.860943395921026],[5.746145083328997,5.865012713965598],[5.736374173229535,5.865004470779752],[5.731598516858128,5.861049087845174],[5.725090277894083,5.859662007695533],[5.721063234280905,5.863079344236382],[5.71963762987275,5.867829471552909],[5.725305983884084,5.885314354274101],[5.726051079393869,5.892301043358486],[5.728868753390316,5.896629882363243],[5.728018331081159,5.898490193867417],[5.725654266131528,5.898707247941161],[5.72117592382989,5.894834999235854],[5.716145300665119,5.892955263274814],[5.698814846827759,5.890753150037881],[5.69571330812272,5.891834821320003],[5.691942520031319,5.902184374109652],[5.681826605713354,5.903775005911825],[5.664360730163594,5.924094986994078],[5.640660112973876,5.945772789682565],[5.634094204983626,5.944203691247424],[5.626039917208459,5.939780185107509],[5.620361804653612,5.929486275171485],[5.616918654872052,5.917261758223617],[5.610338737242955,5.913994663323081],[5.58939144126208,5.91912797827365],[5.579268255026022,5.925531295133226],[5.575143919156574,5.932011818790443],[5.579048932862008,5.946970406059449],[5.574215235145061,5.956636849111362],[5.567243705033036,5.959793461399158],[5.572011948292811,5.977714062054361],[5.57127380364318,5.99088382672727],[5.546327591245415,5.985361575676222],[5.536596774721431,5.98990201976244],[5.532306671315894,6.004177570138779],[5.534598350733347,6.009743214377863],[5.532633780824369,6.011707783387521],[5.523467064053818,6.012690066993059],[5.519210814727387,6.016291142222485],[5.515282154248041,6.02185678466293],[5.518883227678884,6.027422428002694],[5.512989998189937,6.035280228299939],[5.500876427005551,6.036589622313272],[5.497275351776125,6.042482852701539],[5.494328499160929,6.041828156144561],[5.491382122287177,6.03855419222225],[5.489745140326022,6.03004169536797],[5.484179496986258,6.027750015051197],[5.473677635014894,6.027351856403072],[5.473564276370325,6.001513129827117],[5.471550833704043,5.978435985632302],[5.474958197662716,5.947769715400113],[5.469571557181666,5.931457001839192],[5.500151999715058,5.93138300022531],[5.498035000115237,5.928886000188811],[5.500418000290551,5.919397999717944],[5.508591000374395,5.911195000049247],[5.512403999944695,5.904449000121303],[5.526053999892213,5.892696999566908],[5.548102999553862,5.886564000028613],[5.550110000376264,5.88238000043674],[5.547468999994408,5.875972999954058],[5.546906000111846,5.869762000416017],[5.53825400042183,5.862534999890386],[5.549447000378791,5.855663999593958],[5.546029000138276,5.843969999915601],[5.543435000125214,5.840557999951784],[5.545626999586432,5.833377999794891],[5.552488000321034,5.829804999601095],[5.555647000308852,5.825374000309921],[5.566749999712783,5.798687999951312],[5.570749999812676,5.778253000075949]]]}},{"type":"Feature","properties":{"lga":"Ika North East","state":"Delta","key":"ikanortheast"},"geometry":{"type":"Polygon","coordinates":[[[6.290318012266482,6.361868381820386],[6.281655788184139,6.357406139182046],[6.261365890323646,6.3322720530129],[6.253943920375661,6.319034099943792],[6.246644019006339,6.312650203943804],[6.254680156663937,6.306557178371122],[6.262197017678261,6.298297882041652],[6.280618190876851,6.284582138055271],[6.284070014619545,6.272820950026869],[6.28141498571307,6.258235931243291],[6.259102821038425,6.228923798994174],[6.250969886650978,6.222614765259266],[6.246106147980413,6.24615287765323],[6.241989136189716,6.254440784114934],[6.23388766908073,6.250887762360378],[6.235201913137814,6.263533500170922],[6.208227260080037,6.253830648066014],[6.195067640659147,6.253493778215329],[6.188336905823576,6.255596938148244],[6.188346076210507,6.251038086738333],[6.180285809742372,6.231574285424983],[6.176898003340227,6.210903167647132],[6.164341504356969,6.182863891755233],[6.163624901168305,6.17078633931817],[6.174268514280584,6.167168709368468],[6.178039905817059,6.158854028290818],[6.180230421396857,6.157042999634768],[6.183961079939934,6.156782540681775],[6.204043210126088,6.16155272018193],[6.224352986601104,6.157088276003208],[6.215987955180026,6.122147760111091],[6.217027000395774,6.110950000042521],[6.231258000156629,6.092275000390998],[6.236502000067276,6.088499999875125],[6.245908000354007,6.085344000025657],[6.262637000197458,6.092664000343404],[6.27036999977571,6.100137999669016],[6.28706399980382,6.10538599976411],[6.3016050003705,6.105829000408107],[6.314561999836485,6.108377000098528],[6.347649154185149,6.120736588023192],[6.343791961030206,6.146410941911483],[6.34375190702491,6.155426979071876],[6.353943824847704,6.157590865725922],[6.376980781937561,6.176506996101011],[6.385787964143276,6.184208870143266],[6.389819144637841,6.195337771820789],[6.375341891615051,6.239600181603123],[6.371198177154213,6.254128933403592],[6.373191832936811,6.26454782482233],[6.389379977803799,6.294501780732617],[6.391353129943013,6.309774876209644],[6.378266810664854,6.347114086346039],[6.363858222678857,6.376121045350033],[6.3622894291139,6.384438991866034],[6.357560157974945,6.384293556202692],[6.349565983583318,6.37877607335713],[6.336294651277171,6.378173351319163],[6.322375298081568,6.373044968250724],[6.312781334091369,6.367324828578035],[6.290318012266482,6.361868381820386]]]}},{"type":"Feature","properties":{"lga":"Ede South","state":"Osun","key":"edesouth"},"geometry":{"type":"Polygon","coordinates":[[[4.508807987198907,7.599144888825606],[4.517879620448184,7.604952951617463],[4.527190756648167,7.613978601631231],[4.5281037438927,7.61772321675312],[4.53469833036371,7.624565257980294],[4.534790409250036,7.632864621804913],[4.532994587230462,7.635704072884721],[4.533798203424396,7.641434515190781],[4.539893427839445,7.657129932300563],[4.532723714128167,7.663342090165372],[4.528016542029832,7.672215892349584],[4.518908062657033,7.680965013424668],[4.511965736229797,7.682709860971329],[4.499336128659479,7.693336947242358],[4.495666089818258,7.694821200038405],[4.489367783196712,7.694624011089275],[4.475711320720904,7.689997521668317],[4.468816027038088,7.698509657894419],[4.446767413185626,7.711929139118524],[4.445317805872094,7.718917666417212],[4.441579379884502,7.725438217999397],[4.428952732882351,7.722519811839902],[4.417321915074353,7.728522526593395],[4.415799162301539,7.727787364095605],[4.399176229399529,7.732773122781452],[4.395221002047663,7.730365485678647],[4.392610232376398,7.706094225268316],[4.38955462744417,7.701470725193872],[4.382129009845983,7.700634537354063],[4.348313755375557,7.675074428841867],[4.337130368271914,7.668445054795484],[4.32956207143252,7.63514709036599],[4.342017932681472,7.621517833281416],[4.35760446437456,7.612990356419857],[4.364469941034997,7.601932718819967],[4.371316764856886,7.596795426168057],[4.396944553648268,7.592449333669833],[4.401897749681439,7.59613137935969],[4.410775332615572,7.612460164704885],[4.413611567719727,7.613543265909016],[4.429684456372627,7.61069045899751],[4.433873466986938,7.615595608750368],[4.439357550810371,7.618725657762923],[4.449044254688658,7.618661649415628],[4.464653525739664,7.621130547436849],[4.475139402261675,7.620166895086186],[4.486045440244936,7.622187804823398],[4.492169488830882,7.610108666881501],[4.507855304778559,7.600923272091393],[4.508807987198907,7.599144888825606]]]}},{"type":"Feature","properties":{"lga":"Ikole","state":"Ekiti","key":"ikole"},"geometry":{"type":"Polygon","coordinates":[[[5.643636226830438,8.073967934572579],[5.624591351309846,8.07262134639808],[5.599189758200851,8.073665619372889],[5.576571940942358,8.071229935113479],[5.550822258040796,8.051047324574427],[5.545255183879704,8.044088364286608],[5.537599563768879,8.04060840615307],[5.516025542844602,8.022166251771125],[5.508718490965634,8.017642974843454],[5.505934715115075,8.018686295436225],[5.503847122446814,8.023557663055726],[5.507326603040326,8.03712844801953],[5.507326603040326,8.04547977377257],[5.513589858585135,8.083756447102417],[5.513937950176285,8.1112461104197],[5.497963905110169,8.11066436776639],[5.44906330123041,8.105895995903552],[5.421214580888261,8.105520248360847],[5.387344359854353,8.102132797190905],[5.371161938272905,8.096487999121905],[5.365753315663028,8.091933445572124],[5.389381228061268,8.068340825268933],[5.411876402973689,8.041657352005245],[5.419099015707047,8.027280115285123],[5.416949530796273,8.001755228720867],[5.412795046953875,7.989446054092184],[5.410188879113548,7.986941988981641],[5.423613545828516,7.951694172947782],[5.427289122694901,7.938272866999284],[5.42089292576793,7.915213330630763],[5.42983462406869,7.898100256421742],[5.444459266981653,7.882504622690249],[5.445495842659057,7.873666730435332],[5.408123323432676,7.856385921872857],[5.398242187926655,7.838182083336505],[5.404431657694886,7.827667531931127],[5.417104403045812,7.815696963743903],[5.419913322142179,7.782564039299018],[5.409190701789498,7.766088186920342],[5.402536060390901,7.762082363710192],[5.398823999827755,7.738427999552584],[5.401253000325767,7.720521000243991],[5.436180422988173,7.729757510700608],[5.43983017672133,7.726192239280465],[5.438288442857413,7.700793976360956],[5.431814340359551,7.693656862174521],[5.443691054398698,7.67232341259546],[5.459742288276004,7.668973803997915],[5.47214653833214,7.663211371907323],[5.480557079046037,7.662728434169935],[5.484387718818198,7.653955481959997],[5.489440000355785,7.650255000168158],[5.50081000038125,7.654439999806186],[5.516657000020587,7.650025000353537],[5.533455000348056,7.661722000170244],[5.550956226448761,7.67788191441889],[5.556861714596494,7.680769909104072],[5.560048866062345,7.688157800142392],[5.561711334810298,7.701626045305773],[5.566633949397271,7.721105038866483],[5.582230161392886,7.719821185599301],[5.588302250748313,7.730471084073315],[5.591374310576043,7.731950705360816],[5.599566769291016,7.744455588654546],[5.614155958230924,7.746385149754929],[5.62444912172964,7.77407322599862],[5.646681804321872,7.804448017861773],[5.658213346868536,7.827865851327999],[5.642685889841971,7.828696252030454],[5.630506991904213,7.834959984215971],[5.623199463384594,7.842963219277181],[5.614152431089849,7.865581037434993],[5.608584881187369,7.910816669253904],[5.604061604259698,7.926475047785289],[5.60197353405141,7.942829608599595],[5.59884166840834,7.951876639994964],[5.59884166840834,7.958487988030299],[5.60162544335958,7.963707447240949],[5.609628676622151,7.966143608141067],[5.614152431089849,7.962316035956349],[5.627027034669936,7.957096100104991],[5.634334564088931,7.958487988030299],[5.645469665692588,7.963011741598621],[5.647209166769699,7.966143608141067],[5.647557259260168,7.986158371911358],[5.650732993832662,7.990740775666325],[5.656952381347367,7.994328976201359],[5.663215636892176,8.000244141054338],[5.668087482051703,8.002331734621919],[5.667391299768724,8.008595466807378],[5.662519932149223,8.015206337302686],[5.650689124903238,8.023557663055726],[5.647209166769699,8.040956496844899],[5.639902114890731,8.053831100424986],[5.64303350389315,8.059050559635693],[5.653820514804977,8.064270020644983],[5.659736156298607,8.06983757144684],[5.656256676604414,8.07470893906634],[5.643636226830438,8.073967934572579]]]}},{"type":"Feature","properties":{"lga":"Moba","state":"Ekiti","key":"moba"},"geometry":{"type":"Polygon","coordinates":[[[5.020274162422709,7.960935592803423],[5.045555851621316,7.94332878899246],[5.052556294037799,7.948694389834259],[5.074736476007615,7.952942727824677],[5.094750427690144,7.937063314820193],[5.100238530583795,7.937572454305382],[5.109936475088318,7.939926849744381],[5.121205377825959,7.939112645831983],[5.139610999947763,7.928534999790429],[5.143169000349133,7.934465999906024],[5.155520999794362,7.942321999760509],[5.161178832637063,7.939386993914695],[5.172192645374309,7.946977877227312],[5.17417200013773,7.954447000428786],[5.181655999924487,7.960770999781857],[5.189560625222725,7.961061181328489],[5.196109121438838,7.96775540818561],[5.19726459468535,7.973076874797982],[5.22887043792042,7.971580394819398],[5.23965058970299,7.978733914438635],[5.250177692046918,8.002367894562724],[5.248223478730608,8.019822709350592],[5.230788708032492,8.021973609794316],[5.202939986791023,8.01708126099146],[5.195789336908433,8.018210411081668],[5.191649914012373,8.022350310618378],[5.188262938583819,8.02950000811893],[5.181865214608024,8.03627395627808],[5.162611485032073,8.049506186961025],[5.142349719763786,8.061864853080579],[5.117887973051552,8.062618255628024],[5.084393977999753,8.02423191087405],[5.075738429584931,8.024984360140138],[5.072351455055639,8.0310058590332],[5.061813830643814,8.038155555634432],[5.05763292202181,8.039464951446405],[5.056488990674438,8.031078338994178],[5.053058146316459,8.0234546663998],[5.035522459993558,8.005156516859813],[5.032854079752042,7.996769427766935],[5.03323507304026,7.982283591614532],[5.031329155116453,7.976946353591416],[5.020274162422709,7.960935592803423]]]}},{"type":"Feature","properties":{"lga":"Obokun","state":"Osun","key":"obokun"},"geometry":{"type":"Polygon","coordinates":[[[4.747988296222957,7.678936394698894],[4.746906818295088,7.695712270804677],[4.772626848750122,7.706516805006572],[4.769705695161747,7.732938421770768],[4.786531852363169,7.736636869296149],[4.801185940878497,7.737191824742979],[4.823524954812854,7.723513607666916],[4.828038352687884,7.725211093317341],[4.887211030964352,7.689585579111224],[4.893228530572287,7.73033523608234],[4.903000354382868,7.749883175268394],[4.904205799358181,7.757354735632589],[4.909398079257983,7.766441821932574],[4.914290428060838,7.783000468596811],[4.915795803233777,7.802699492987244],[4.915795803233777,7.822114468308087],[4.908579349957108,7.829799175191852],[4.911100863713955,7.850109576695672],[4.914134979345874,7.850375651914874],[4.916396140269683,7.857159138283635],[4.921879231241576,7.861858931444601],[4.907802690042161,7.865568377678528],[4.896238042551659,7.855418980701472],[4.886938662289481,7.850254149909119],[4.865482987649784,7.841731218221184],[4.853709649780569,7.855284439425361],[4.843560593646544,7.863239260383637],[4.815801759643534,7.850288214429611],[4.803315503108024,7.86613286863701],[4.795208280337931,7.867890216760145],[4.770725988613549,7.862333828343537],[4.762177598017786,7.878433130984263],[4.744599964616725,7.885211168360797],[4.737218027090307,7.879016208231462],[4.727852641985862,7.87456800311088],[4.724654401879206,7.874788655372186],[4.721026278639897,7.877137323029103],[4.721019230653042,7.859914157412504],[4.715864786131021,7.853749772434071],[4.719029418572859,7.837299718007614],[4.700352424225059,7.838054538785968],[4.69327269218104,7.852171865139496],[4.674044248843074,7.859884459100556],[4.671853605559477,7.859054704111372],[4.664004802080001,7.841098897696043],[4.667639883373965,7.829495448056548],[4.660446477023356,7.815847018325258],[4.663083862130577,7.800716387151567],[4.660165875954476,7.790750397013255],[4.66016372927271,7.784391492273585],[4.64066010597918,7.790959405752005],[4.637149195878749,7.797497931184637],[4.60973727715367,7.789909948185596],[4.606645449328084,7.787261279284678],[4.608996024447038,7.774333119278083],[4.606314149878187,7.766778985861549],[4.610299643014173,7.752269564988467],[4.616306733868726,7.743830398853845],[4.636391854300712,7.7425057379495],[4.646277479222363,7.73654159871586],[4.636305862025949,7.706928509243369],[4.640689642413122,7.708786416859709],[4.645401612394551,7.703239931777489],[4.66289489118634,7.688552672667754],[4.666315914048255,7.689516832236052],[4.685218945797772,7.68324918530169],[4.697284014745549,7.682309832632711],[4.712232080845922,7.67145696616609],[4.717695974889352,7.675625123300847],[4.728804213743501,7.674364783707858],[4.7346295848875,7.670653862585766],[4.747988296222957,7.678936394698894]]]}},{"type":"Feature","properties":{"lga":"Ado Ekiti","state":"Ekiti","key":"adoekiti"},"geometry":{"type":"Polygon","coordinates":[[[5.171855788114158,7.54019476307792],[5.180484999882879,7.546339430420403],[5.18290299987359,7.553210429817511],[5.188297781917129,7.56000239229661],[5.193380012677494,7.562194200202214],[5.200093788097888,7.560602060236931],[5.202783438205131,7.562102625835564],[5.202943650629038,7.565489627344448],[5.207050319316807,7.566895470949248],[5.21087009977532,7.566985361785044],[5.217404020679055,7.546133616073575],[5.219441755832406,7.541541619250381],[5.221300280383673,7.542076547694592],[5.222589692360486,7.546273678287662],[5.226718684919433,7.546524750117158],[5.226484086871153,7.547919273056038],[5.237726605298633,7.554107606081232],[5.240671178132402,7.562134037355975],[5.24653181798908,7.569946338252976],[5.248035456571131,7.578363333401171],[5.250821812576646,7.582791342446569],[5.250066857799311,7.588444757819389],[5.267420544722427,7.588080532390734],[5.271813786876805,7.585390088182066],[5.298962322952889,7.585777775124257],[5.302202495748645,7.583215519380758],[5.319698073207576,7.576522217926083],[5.326310567878465,7.570511402079603],[5.327875765054557,7.567046193726924],[5.332255950851504,7.559165288946986],[5.35219311212245,7.547043759661847],[5.36593117818137,7.548540251331588],[5.364450563143009,7.574545836321363],[5.36915289598943,7.575456416980103],[5.365086935113993,7.593054882277045],[5.35570934620938,7.611537612271036],[5.352724597961867,7.621259425682013],[5.35261813801668,7.635629559556605],[5.349038704972315,7.644410971689013],[5.351461623355306,7.651744549971056],[5.347138435690283,7.658162312640684],[5.353837860628801,7.664877097999749],[5.356630861724909,7.670077174122355],[5.362710934362156,7.673342306702125],[5.367171016828991,7.678816730907442],[5.316184083828432,7.669955715284061],[5.307971000061627,7.669458999932942],[5.285048236187208,7.673076001256504],[5.283085747309428,7.668022761041641],[5.278328265337223,7.668536283822505],[5.275520775263601,7.673491122917028],[5.276160786790911,7.67593786883765],[5.274779777964454,7.678514956200331],[5.270192939652475,7.681183242912368],[5.26436520778816,7.673177863867352],[5.261677385103269,7.67618262292973],[5.256680750016642,7.667176290353552],[5.25438864162254,7.666696294298617],[5.249833767914083,7.671819402843198],[5.242455532896599,7.673230710728774],[5.243279206670081,7.67702101680652],[5.247089348194891,7.682223523796608],[5.238852766042385,7.692117637419074],[5.234954469373292,7.700854246226527],[5.224691058145879,7.698501384131646],[5.226867840178727,7.692539589430567],[5.223906096589133,7.684355001582105],[5.224873588145613,7.682601496262066],[5.22361305789633,7.674386934009817],[5.212471171807181,7.673644692048924],[5.210320390973322,7.669107687869541],[5.20950662323213,7.662302795837434],[5.207034591972899,7.659370445689547],[5.205953084367422,7.660836156263656],[5.202716150929689,7.660291632952521],[5.188125719126674,7.65509064221942],[5.173402174171031,7.64010872203994],[5.161975613983429,7.639198459741181],[5.152145334239833,7.636175793378186],[5.147779516911214,7.63604783603887],[5.132907696233246,7.639723503736775],[5.113286150235695,7.636679488367747],[5.113187260783491,7.626610435922942],[5.119322543700491,7.606277170055421],[5.134909929749483,7.586372783677064],[5.14554797605831,7.577723302088771],[5.160315762262655,7.571936644060941],[5.171855788114158,7.54019476307792]]]}},{"type":"Feature","properties":{"lga":"Ido Osi","state":"Ekiti","key":"idoosi"},"geometry":{"type":"Polygon","coordinates":[[[5.249961065151069,7.882437023350008],[5.241215284158102,7.87772564242448],[5.228331000275489,7.880026000299722],[5.222156999745778,7.883358000171597],[5.224703942732845,7.890296196912004],[5.224033370443749,7.89752239524239],[5.218372256874204,7.906449723276182],[5.195955560400819,7.900086770687949],[5.177464663663329,7.898235206889353],[5.1767463112933,7.903881842273279],[5.161178832637063,7.939386993914695],[5.155520999794362,7.942321999760509],[5.143169000349133,7.934465999906024],[5.139610999947763,7.928534999790429],[5.121205377825959,7.939112645831983],[5.109936475088318,7.939926849744381],[5.100238530583795,7.937572454305382],[5.106925558367891,7.927111098698276],[5.109643764648069,7.918375142798652],[5.110312176765603,7.908705757165023],[5.11833871056308,7.90571833163574],[5.11515530117623,7.901552328377306],[5.123679356117464,7.899200979841396],[5.113808063691238,7.893478366133763],[5.108746370748463,7.893893649672236],[5.10846435504601,7.897800156252231],[5.104561887321267,7.89973355925639],[5.101133974753168,7.904797299056156],[5.102770138331266,7.909060610758615],[5.100856982663686,7.911746980139071],[5.095089420840168,7.918352088677977],[5.084834861639592,7.925500743864291],[5.07721496709712,7.921508010286516],[5.069443695070504,7.90988619109487],[5.078212191139755,7.899046503293562],[5.084202402618814,7.895510819568699],[5.084433727134865,7.892349432780122],[5.090604074618398,7.889229577582967],[5.092605092251233,7.891260622679624],[5.098950812929729,7.890735877258976],[5.103455049411025,7.888241392626242],[5.108878312983791,7.888294276359829],[5.111862801327277,7.886127976824696],[5.122320568639395,7.884351944386765],[5.129554445381416,7.885062844974357],[5.137007747709447,7.882406158617357],[5.129122616115865,7.861702044713638],[5.107559027327284,7.8638330602476],[5.102856628830409,7.862323440274622],[5.097581789368121,7.84829131659103],[5.103202396573408,7.842910694373074],[5.110366547078513,7.828101705729182],[5.114364620830656,7.824238273977187],[5.140089081346048,7.8219963243709],[5.134994323029616,7.806773022556968],[5.139499016366585,7.784642058684085],[5.148681080067831,7.770717894115592],[5.152180522912829,7.769362068105011],[5.173370850784181,7.769891429745712],[5.178538818411766,7.764224746674756],[5.195412930162661,7.764247388006595],[5.211251930332367,7.770460394831389],[5.221428283588466,7.771218545799286],[5.22167356018673,7.774221177965046],[5.226153044627381,7.772343863878291],[5.240475216757886,7.781623305271353],[5.243189584731624,7.785145607084132],[5.242868706625586,7.788628323438445],[5.24864345133426,7.789208889778479],[5.252351675389548,7.792488564395796],[5.258408467276979,7.792366602836523],[5.253364241866336,7.814181435225123],[5.248682281362221,7.815131060849808],[5.250035000215121,7.824128000007249],[5.247439000109807,7.834771999827979],[5.241356000179337,7.843860999885294],[5.246984999857887,7.863811999923882],[5.249961065151069,7.882437023350008]]]}},{"type":"Feature","properties":{"lga":"Ife South","state":"Osun","key":"ifesouth"},"geometry":{"type":"Polygon","coordinates":[[[4.42391833616233,7.190768351378381],[4.41634489520078,7.165239798278094],[4.418670208363494,7.15885090564484],[4.410297494034182,7.127719288414482],[4.385181501325292,7.117209996244355],[4.376871513809363,7.095710651425463],[4.353517266908398,7.071363537697152],[4.350731141129302,7.065693835602076],[4.361026286733818,7.060870645563909],[4.36855030095569,7.05911207076548],[4.370260714360541,7.056211471182507],[4.370060920974765,7.036518097232431],[4.371180058013294,7.032460213168349],[4.378656864123002,7.026067734038747],[4.371032714887917,7.01798009760347],[4.3743195526053,6.998856067353699],[4.376018523036464,6.994796751568856],[4.386407374400846,6.989554404612136],[4.390379905608199,6.980854988167209],[4.400536536731806,6.980734825252057],[4.416907309624662,6.994059562898542],[4.424521445808125,7.002435207219094],[4.438227175843565,7.004719733428999],[4.454216956347523,7.000912665786927],[4.463354110603746,6.993298053862134],[4.480105400144168,6.990633011004718],[4.488862037752881,6.991775513329344],[4.516273497823704,7.022613047754021],[4.52236461593435,7.024516581575028],[4.534166813048046,7.02375507343794],[4.54254245736854,7.021090507221174],[4.559294224448934,7.021471023868685],[4.577187537874636,7.023374556790429],[4.592416285083516,7.028704643404637],[4.604598998844779,7.031369685362733],[4.609585762073323,7.031077861654069],[4.61229562804084,7.044020176090328],[4.613949776261222,7.080040454903099],[4.61670541772088,7.084672450872972],[4.626796722091115,7.104118824224429],[4.635089873399011,7.113398551601904],[4.652644634342437,7.124576092212919],[4.672955513386285,7.140385627894489],[4.674789427989765,7.14408922223987],[4.671987055957914,7.147767067196469],[4.668217181577688,7.158826828095698],[4.671884535942638,7.166234015887198],[4.683927534628083,7.168147086119177],[4.703434467426803,7.161791801150741],[4.708982467866633,7.164592743260528],[4.715431689720731,7.172015189849162],[4.720866202912987,7.195129395105539],[4.72641897065904,7.197007178638444],[4.742083549116558,7.214637280286297],[4.746673106978335,7.222973347242203],[4.743928833848656,7.237617637643893],[4.741960627081312,7.240133225767806],[4.742917504838999,7.242585045663361],[4.734695399073473,7.28397389308077],[4.745480867647984,7.313828535058917],[4.733840865063939,7.307331159905175],[4.712247748834614,7.315739796754258],[4.69968061986475,7.332854355743962],[4.682258701378032,7.344053686028815],[4.687929161601573,7.351805222433143],[4.683270201258836,7.363223063693511],[4.682452103282003,7.369761811258627],[4.670782394292132,7.379315251797493],[4.669324277593375,7.382631829195589],[4.664698015700935,7.384617639292685],[4.670220999699438,7.404220000052987],[4.660055255745476,7.41072205887599],[4.632572441664877,7.396331908790614],[4.626008656973966,7.408754700169311],[4.614565906291602,7.41031405894671],[4.611082486667499,7.40861647796811],[4.605008389125885,7.398969331669377],[4.608503658217273,7.392527655127253],[4.621847122446809,7.390331316437141],[4.618677481680493,7.385336033930855],[4.60758656826556,7.384675188709025],[4.60618268608215,7.387839872412258],[4.598021134367912,7.387720898400801],[4.590647085694513,7.385451255071416],[4.616292235898015,7.33853642891313],[4.623477956642432,7.321492506274183],[4.606284967777071,7.308133996386857],[4.593807200841695,7.303718412374906],[4.598883178615836,7.287070955859974],[4.595468255855394,7.273568021147298],[4.567278782389963,7.270474359604066],[4.54410603216769,7.288814368987971],[4.543863547964406,7.292863638446192],[4.550359583128284,7.308373427391814],[4.546520785605821,7.317050886888978],[4.550397092052208,7.318505936000179],[4.512861173204612,7.353445890715307],[4.497547121702326,7.345073307687073],[4.495624318107843,7.32317553172544],[4.490463581928793,7.314007763647396],[4.489916947908853,7.29624032203327],[4.493900505703834,7.294120122645609],[4.494653873177754,7.269484215024534],[4.518738339902541,7.249763992714122],[4.513440718814195,7.246048315077701],[4.470135363056613,7.248514810110464],[4.452024133107329,7.234633795912998],[4.446818786058202,7.228759532226661],[4.432889015116018,7.195955847784205],[4.42391833616233,7.190768351378381]]]}},{"type":"Feature","properties":{"lga":"Ekiti South West","state":"Ekiti","key":"ekitisouthwest"},"geometry":{"type":"Polygon","coordinates":[[[5.086197840857722,7.456308112429497],[5.110541476008336,7.498544378420377],[5.118845390402498,7.500268241186404],[5.137383561801983,7.520298459806099],[5.171855788114158,7.54019476307792],[5.160315762262655,7.571936644060941],[5.14554797605831,7.577723302088771],[5.134909929749483,7.586372783677064],[5.119322543700491,7.606277170055421],[5.113187260783491,7.626610435922942],[5.113286150235695,7.636679488367747],[5.101893425241428,7.636013029577725],[5.095392594892417,7.626913912147359],[5.082793339441139,7.615762697390608],[5.079694549064243,7.594860606731686],[5.077119049904297,7.589143879086805],[5.07364610738199,7.56010720108651],[5.076592518430004,7.543520905665332],[5.075525656284071,7.540501427399022],[5.057728904865144,7.535620443328867],[5.034862809071456,7.536588075179566],[5.001883946586929,7.546935786157633],[5.00229172438361,7.550077198104248],[4.974850691006623,7.56093876641097],[4.967574098266084,7.542224377353193],[4.94757722920582,7.54812827729819],[4.919433890961329,7.521453978018712],[4.920206069554524,7.517206192212029],[4.93888568902338,7.478703976107681],[4.947844028379279,7.454688071897067],[4.952418804084573,7.447825909238361],[4.975672245078101,7.433721066374176],[4.984821319848095,7.42647838616864],[4.98710870680145,7.419235229322396],[4.99702024478853,7.415041924445291],[5.004573458198593,7.413932547748914],[5.008897818579499,7.425555032438865],[5.019958973427947,7.433166503931034],[5.048568248625827,7.457332611111156],[5.070805549236752,7.460226059285276],[5.078227995825387,7.459343909793631],[5.086197840857722,7.456308112429497]]]}},{"type":"Feature","properties":{"lga":"Ilejemeje","state":"Ekiti","key":"ilejemeje"},"geometry":{"type":"Polygon","coordinates":[[[5.250177692046918,8.002367894562724],[5.23965058970299,7.978733914438635],[5.22887043792042,7.971580394819398],[5.19726459468535,7.973076874797982],[5.196109121438838,7.96775540818561],[5.189560625222725,7.961061181328489],[5.181655999924487,7.960770999781857],[5.17417200013773,7.954447000428786],[5.172192645374309,7.946977877227312],[5.161178832637063,7.939386993914695],[5.1767463112933,7.903881842273279],[5.177464663663329,7.898235206889353],[5.195955560400819,7.900086770687949],[5.218372256874204,7.906449723276182],[5.224033370443749,7.89752239524239],[5.224703942732845,7.890296196912004],[5.222156999745778,7.883358000171597],[5.228331000275489,7.880026000299722],[5.241215284158102,7.87772564242448],[5.249961065151069,7.882437023350008],[5.266414750140655,7.883227675816613],[5.267123122733949,7.899305643840421],[5.262559988752514,7.939697862566334],[5.263809847646428,7.943184826418644],[5.271652365764112,7.951544261358606],[5.265186570304024,7.983708313787702],[5.250177692046918,8.002367894562724]]]}},{"type":"Feature","properties":{"lga":"Egbedore","state":"Osun","key":"egbedore"},"geometry":{"type":"Polygon","coordinates":[[[4.397185326441729,7.896511077024627],[4.394135473573272,7.883931159695294],[4.390323161984384,7.878975389802463],[4.386129856207958,7.868682860325805],[4.371104130051606,7.848700920910801],[4.369127912123474,7.846330706397055],[4.356223341334157,7.845477307331919],[4.346894153942117,7.834991830108947],[4.34216682443946,7.82655925960222],[4.334980877065846,7.821091461601725],[4.325954611016527,7.806443439013549],[4.33722954910445,7.784494613036031],[4.33531023577882,7.779203250329772],[4.341695788330014,7.752685249624619],[4.337527032246783,7.724752196256873],[4.320443446807644,7.70106193565988],[4.322817020289278,7.683587946426655],[4.337130368271914,7.668445054795484],[4.348313755375557,7.675074428841867],[4.382129009845983,7.700634537354063],[4.38955462744417,7.701470725193872],[4.392610232376398,7.706094225268316],[4.395221002047663,7.730365485678647],[4.391064698876789,7.740708709039723],[4.407593694893137,7.751448054084449],[4.417220142395706,7.770480484786617],[4.422621439128136,7.767183314758199],[4.426777658662047,7.760254998869129],[4.431753151586747,7.767694323933938],[4.450102630831793,7.775756662440074],[4.453379111057188,7.774430588700739],[4.455745370352588,7.753552932621801],[4.475845621878022,7.746232835177238],[4.48112405503116,7.746019488108914],[4.485426894635509,7.755263175155449],[4.503028899664059,7.766021003966216],[4.502662996100412,7.771417313058578],[4.506076592360898,7.774675823030861],[4.517193581618528,7.77613229307093],[4.523098512186664,7.770745659784438],[4.532276464187532,7.774971948196878],[4.529045182988853,7.783656852281979],[4.527235036567731,7.783406442353453],[4.526331225105992,7.785691028817951],[4.526558901971782,7.794338495924876],[4.536806458151545,7.795331878063791],[4.532486642944264,7.803696947256356],[4.534466271101564,7.805220328655309],[4.533594132863016,7.806490809003662],[4.53765101778032,7.809107149075714],[4.539034299193588,7.80723445930289],[4.545829786115803,7.808940176448061],[4.546681750762218,7.816168821833685],[4.549640085021963,7.820117978761743],[4.548004505103847,7.827571174070499],[4.549318570195908,7.831621403105316],[4.535564680565585,7.860060433042577],[4.520212784692319,7.856119793593621],[4.514199428261065,7.846876041795952],[4.511682832896497,7.839318216662434],[4.506244790764526,7.838770337980748],[4.502734654980372,7.836395968599106],[4.500835967605894,7.834431683775222],[4.502154872849133,7.831295279253766],[4.486047067118477,7.827016231214145],[4.483803493336609,7.827714692379175],[4.479235062348323,7.837353823919898],[4.475740213240272,7.834895459657787],[4.475352555975746,7.828149269972869],[4.472621316720449,7.827021414007106],[4.455290795433882,7.828035267413725],[4.444809035108904,7.843565696699613],[4.438088398760669,7.84847744028167],[4.437010991164357,7.852987386558709],[4.448671609806979,7.868722032995493],[4.45099465667812,7.876967634448818],[4.44764909502976,7.884288892018787],[4.444471435008779,7.88738361206407],[4.43248520512816,7.886127725913866],[4.428970964838186,7.889347074907619],[4.422485827658875,7.888441086187242],[4.407477855918387,7.898416994948434],[4.401092214334255,7.898409028753747],[4.397185326441729,7.896511077024627]]]}},{"type":"Feature","properties":{"lga":"Oriade","state":"Osun","key":"oriade"},"geometry":{"type":"Polygon","coordinates":[[[5.006279945163385,7.392001629071956],[5.00413889769203,7.404258857060654],[5.004573458198593,7.413932547748914],[4.99702024478853,7.415041924445291],[4.98710870680145,7.419235229322396],[4.984821319848095,7.42647838616864],[4.975672245078101,7.433721066374176],[4.952418804084573,7.447825909238361],[4.947844028379279,7.454688071897067],[4.93888568902338,7.478703976107681],[4.920206069554524,7.517206192212029],[4.919433890961329,7.521453978018712],[4.912629159907851,7.546575685919208],[4.9022479060161,7.576392650800244],[4.887570857808896,7.604617596225125],[4.883054733189454,7.611391544384333],[4.868001460798837,7.616283894086507],[4.86386156126207,7.622681618062245],[4.873270034684424,7.651283264311246],[4.880796908750369,7.667841910975483],[4.887211030964352,7.689585579111224],[4.828038352687884,7.725211093317341],[4.823524954812854,7.723513607666916],[4.801185940878497,7.737191824742979],[4.786531852363169,7.736636869296149],[4.769705695161747,7.732938421770768],[4.772626848750122,7.706516805006572],[4.746906818295088,7.695712270804677],[4.747988296222957,7.678936394698894],[4.764313701016533,7.670073653276518],[4.779429195700857,7.678030608325969],[4.795715778560407,7.670043581745972],[4.789114000210986,7.652208000299026],[4.789495487226986,7.648625395345789],[4.784061415601911,7.639679209428039],[4.792693619415047,7.64175004412931],[4.791657199320355,7.632794236364987],[4.797094227016999,7.62944826732371],[4.809013069797402,7.626327094619796],[4.813721950607601,7.616519031727989],[4.815023057368251,7.605743228167512],[4.817544572024417,7.602942150260048],[4.813145552625201,7.574644446983712],[4.820941428304309,7.567811080616934],[4.829240221958742,7.552949852154029],[4.836269805107463,7.545408571848156],[4.843459706800104,7.527982109986453],[4.837038865751083,7.522087457769999],[4.849140868056679,7.487865139564576],[4.851815371782038,7.486196870189474],[4.849279582187023,7.47539903233951],[4.838792320709103,7.458071469822528],[4.842459889112661,7.444151246982528],[4.837383985082909,7.422225753915484],[4.832155788059197,7.414080687673618],[4.830584753383732,7.404028675582936],[4.827139712327892,7.399952546972486],[4.845510591840366,7.387918849974994],[4.847221090680819,7.382574948874833],[4.844862303852267,7.375388281144296],[4.878397465370767,7.378827571934949],[4.909025668200059,7.373456954674793],[4.919224738331081,7.373513699197929],[4.943352222327235,7.369954108795127],[4.957239151365798,7.373723984074672],[4.974850655033777,7.374745369303412],[4.989670277261553,7.377597331751531],[5.006279945163385,7.392001629071956]]]}},{"type":"Feature","properties":{"lga":"Ife East","state":"Osun","key":"ifeeast"},"geometry":{"type":"Polygon","coordinates":[[[4.512861173204612,7.353445890715307],[4.550397092052208,7.318505936000179],[4.546520785605821,7.317050886888978],[4.550359583128284,7.308373427391814],[4.543863547964406,7.292863638446192],[4.54410603216769,7.288814368987971],[4.567278782389963,7.270474359604066],[4.595468255855394,7.273568021147298],[4.598883178615836,7.287070955859974],[4.593807200841695,7.303718412374906],[4.606284967777071,7.308133996386857],[4.623477956642432,7.321492506274183],[4.616292235898015,7.33853642891313],[4.590647085694513,7.385451255071416],[4.598021134367912,7.387720898400801],[4.60618268608215,7.387839872412258],[4.60758656826556,7.384675188709025],[4.618677481680493,7.385336033930855],[4.621847122446809,7.390331316437141],[4.608503658217273,7.392527655127253],[4.605008389125885,7.398969331669377],[4.611082486667499,7.40861647796811],[4.614565906291602,7.41031405894671],[4.626008656973966,7.408754700169311],[4.632572441664877,7.396331908790614],[4.660055255745476,7.41072205887599],[4.670220999699438,7.404220000052987],[4.654337000152509,7.434904000419351],[4.648828999758564,7.436610999997697],[4.64573800020861,7.445188000725693],[4.637964999685039,7.444199872426225],[4.636945068660054,7.447178410855031],[4.639692171056879,7.466079190702146],[4.641622984912885,7.472561899711934],[4.643241464222228,7.473927520238931],[4.641920155990476,7.479706326285964],[4.634643572243135,7.492157023627783],[4.62638194397158,7.501785071024244],[4.613548041908643,7.5057143007744],[4.607365524799206,7.492207165328466],[4.600077302025909,7.490843989158805],[4.595328145977192,7.488312599946596],[4.589034365643499,7.492253322133138],[4.585227934721445,7.487669448885981],[4.581702561723887,7.489150836441979],[4.579712423189847,7.49194563078629],[4.5705572941838,7.489535322697009],[4.569182630973671,7.486425291693877],[4.567228870016379,7.486865091650714],[4.563724677851667,7.483360305034125],[4.563419813073949,7.481608153193747],[4.566941380140634,7.478074245629955],[4.56365636984566,7.473484744425491],[4.563984590916164,7.470856142996638],[4.557923199895811,7.47198234870649],[4.557424080656858,7.470328759864401],[4.555777305078607,7.472655172897987],[4.552507713660134,7.473760795824091],[4.551446721389141,7.478153816745305],[4.555145734588052,7.47979997628795],[4.547790693985405,7.48652402286541],[4.54856678013283,7.489203140112863],[4.549826520777344,7.489401978418641],[4.549990016625998,7.493859547280351],[4.547201890754707,7.494209757674241],[4.54729052433828,7.4963364087983],[4.542924581104558,7.495614307154597],[4.53962783105959,7.498034124675144],[4.536704653996651,7.492051077195526],[4.534450107586451,7.492834795889166],[4.532007085758437,7.489688915211332],[4.520211807129272,7.496224330788266],[4.500698631236901,7.496381166257891],[4.490117603744466,7.493184702312192],[4.489150968342585,7.482199600431272],[4.475570450016278,7.475795523644535],[4.466242963242223,7.458948940141511],[4.48799306512791,7.451428096029872],[4.502991585893028,7.439758262933537],[4.505148395781873,7.436527990774209],[4.509343746616651,7.416345026801594],[4.54492275867841,7.420237515648864],[4.547517321667101,7.413567528218891],[4.544048730964221,7.392960034777843],[4.537252327632871,7.385199944921567],[4.516833841108905,7.37513847556022],[4.512861173204612,7.353445890715307]]]}},{"type":"Feature","properties":{"lga":"Boluwaduro","state":"Osun","key":"boluwaduro"},"geometry":{"type":"Polygon","coordinates":[[[4.843560593646544,7.863239260383637],[4.84512943307692,7.874375353939456],[4.862790073902829,7.883127256617627],[4.872227161054695,7.883654164008533],[4.877260200697776,7.890540386229873],[4.879863139971974,7.897489730067036],[4.880444991443255,7.908296239180117],[4.893586982353384,7.93449505520266],[4.891204634186579,7.940862784090257],[4.881947642569685,7.944204532613128],[4.879489653324868,7.954970056922662],[4.861989374210282,7.960773392877854],[4.860290579146977,7.964882282891097],[4.85406402943147,7.971567448179258],[4.853491163086744,7.976389493380452],[4.846036873303092,7.986576678071287],[4.826537966054332,7.982892202413268],[4.813710352950466,7.994807098968465],[4.809453000155884,7.99680200031213],[4.804792000150712,7.97959900019373],[4.793089000057364,7.969197000741019],[4.787169999595847,7.959851001422635],[4.783671000116613,7.957376000601982],[4.777846876332319,7.962790609099386],[4.775284989310876,7.96831889010474],[4.744899741030281,7.954339142037838],[4.747885489323949,7.949765694631139],[4.752074953196598,7.945102931055487],[4.7543850561255,7.933209832268005],[4.751807602738722,7.925746247091695],[4.745605966042547,7.923023655717202],[4.74405602586495,7.901270862160629],[4.744599964616725,7.885211168360797],[4.762177598017786,7.878433130984263],[4.770725988613549,7.862333828343537],[4.795208280337931,7.867890216760145],[4.803315503108024,7.86613286863701],[4.815801759643534,7.850288214429611],[4.843560593646544,7.863239260383637]]]}},{"type":"Feature","properties":{"lga":"Ilesa East","state":"Osun","key":"ilesaeast"},"geometry":{"type":"Polygon","coordinates":[[[4.784061415601911,7.639679209428039],[4.782866999912187,7.636877000173456],[4.778976292621849,7.637034880655278],[4.778375412395405,7.635205588567089],[4.774847347726961,7.636502505386375],[4.772662261354299,7.634156496125456],[4.771445132386987,7.629647381721327],[4.768118052706029,7.628678456645503],[4.768657359949259,7.627082893860518],[4.766956073763822,7.624598211838077],[4.763518847816613,7.623170103717371],[4.762896107769222,7.621416203594947],[4.754077208296565,7.620703636563633],[4.752345566394808,7.622967211267849],[4.754048078356163,7.624445651745475],[4.745867353095889,7.623235738038943],[4.744973292983161,7.620857462901654],[4.747144158376273,7.617076392861293],[4.744858341639201,7.615698809552441],[4.743058132726674,7.616304044296271],[4.742049059216754,7.609526104945814],[4.735254658675615,7.607571744140728],[4.732665792892078,7.604449181984194],[4.728373919620765,7.6048498209625],[4.723781787899213,7.599779731049807],[4.721480604446413,7.593874083722028],[4.708309542951099,7.587335959387076],[4.712570999352181,7.583688000700704],[4.719062000111251,7.571366999987106],[4.723597999747938,7.538110000576125],[4.727703000193344,7.535045000426464],[4.743610999947748,7.53454600079732],[4.752717999935783,7.541534000194019],[4.761722964643127,7.552964625317259],[4.770215000122221,7.553451000263522],[4.782542999359976,7.556979000180775],[4.795323353090339,7.558758039951613],[4.802432935431682,7.565859859345096],[4.820941428304309,7.567811080616934],[4.813145552625201,7.574644446983712],[4.817544572024417,7.602942150260048],[4.815023057368251,7.605743228167512],[4.813721950607601,7.616519031727989],[4.809013069797402,7.626327094619796],[4.797094227016999,7.62944826732371],[4.791657199320355,7.632794236364987],[4.792693619415047,7.64175004412931],[4.784061415601911,7.639679209428039]]]}},{"type":"Feature","properties":{"lga":"Gbonyin","state":"Ekiti","key":"gbonyin"},"geometry":{"type":"Polygon","coordinates":[[[5.431814340359551,7.693656862174521],[5.42161550405234,7.68784339715512],[5.415459710297455,7.66194741074446],[5.394988069343981,7.653152423345716],[5.387291483315323,7.664002301365144],[5.3796827511581,7.671714192955676],[5.367171016828991,7.678816730907442],[5.362710934362156,7.673342306702125],[5.356630861724909,7.670077174122355],[5.353837860628801,7.664877097999749],[5.347138435690283,7.658162312640684],[5.351461623355306,7.651744549971056],[5.349038704972315,7.644410971689013],[5.35261813801668,7.635629559556605],[5.352724597961867,7.621259425682013],[5.35570934620938,7.611537612271036],[5.365086935113993,7.593054882277045],[5.36915289598943,7.575456416980103],[5.364450563143009,7.574545836321363],[5.36593117818137,7.548540251331588],[5.369870251011321,7.547572363174083],[5.397462327324604,7.548536865384051],[5.408422708641126,7.541009142358064],[5.430084043843578,7.536140818943693],[5.432593923970444,7.549515253126458],[5.45122528132174,7.549587136836919],[5.453487693202533,7.547080087775896],[5.4569113501787,7.546596430580848],[5.459214995076024,7.541518211696143],[5.466075545250249,7.540352344984797],[5.48977011000261,7.552756910702897],[5.498493615687835,7.531923301619145],[5.518584829026679,7.534731905053434],[5.540538449290068,7.515193826933626],[5.543575928386417,7.515126972232054],[5.546473069176841,7.512564669723758],[5.58068763702488,7.50663168570378],[5.589097120136046,7.483105283382145],[5.605469696169564,7.473188396227556],[5.607496738383816,7.480200290610981],[5.610309124366665,7.484452248372634],[5.613771438701008,7.528792857804206],[5.612797737325764,7.537097931424455],[5.618211745075996,7.563905238635925],[5.624599456899489,7.582407951565756],[5.638619446929965,7.605000943039158],[5.624039555181355,7.631502508633901],[5.622817400802433,7.642697784775009],[5.616874151920626,7.658844326104827],[5.605214158306808,7.671844437271034],[5.601335400308528,7.673992384341091],[5.602541956845869,7.693794254301451],[5.595909224730974,7.697322997058734],[5.561711334810298,7.701626045305773],[5.560048866062345,7.688157800142392],[5.556861714596494,7.680769909104072],[5.550956226448761,7.67788191441889],[5.533455000348056,7.661722000170244],[5.516657000020587,7.650025000353537],[5.50081000038125,7.654439999806186],[5.489440000355785,7.650255000168158],[5.484387718818198,7.653955481959997],[5.480557079046037,7.662728434169935],[5.47214653833214,7.663211371907323],[5.459742288276004,7.668973803997915],[5.443691054398698,7.67232341259546],[5.431814340359551,7.693656862174521]]]}},{"type":"Feature","properties":{"lga":"Irepodun/Ifelodun","state":"Ekiti","key":"irepodunifelodun"},"geometry":{"type":"Polygon","coordinates":[[[5.258408467276979,7.792366602836523],[5.252351675389548,7.792488564395796],[5.24864345133426,7.789208889778479],[5.242868706625586,7.788628323438445],[5.243189584731624,7.785145607084132],[5.240475216757886,7.781623305271353],[5.226153044627381,7.772343863878291],[5.22167356018673,7.774221177965046],[5.221428283588466,7.771218545799286],[5.211251930332367,7.770460394831389],[5.195412930162661,7.764247388006595],[5.178538818411766,7.764224746674756],[5.173370850784181,7.769891429745712],[5.152180522912829,7.769362068105011],[5.148681080067831,7.770717894115592],[5.12669264794738,7.753835398884576],[5.109632794717754,7.743582998056979],[5.102802502233715,7.736937339986298],[5.114948243966353,7.709401605299888],[5.115530935404422,7.698335003257853],[5.109232426435369,7.682518959182687],[5.107076024838705,7.673097118237479],[5.09777480995956,7.650873376705022],[5.101893425241428,7.636013029577725],[5.113286150235695,7.636679488367747],[5.132907696233246,7.639723503736775],[5.147779516911214,7.63604783603887],[5.152145334239833,7.636175793378186],[5.161975613983429,7.639198459741181],[5.173402174171031,7.64010872203994],[5.188125719126674,7.65509064221942],[5.202716150929689,7.660291632952521],[5.205953084367422,7.660836156263656],[5.207034591972899,7.659370445689547],[5.20950662323213,7.662302795837434],[5.210320390973322,7.669107687869541],[5.212471171807181,7.673644692048924],[5.22361305789633,7.674386934009817],[5.224873588145613,7.682601496262066],[5.223906096589133,7.684355001582105],[5.226867840178727,7.692539589430567],[5.224691058145879,7.698501384131646],[5.234954469373292,7.700854246226527],[5.238852766042385,7.692117637419074],[5.247089348194891,7.682223523796608],[5.243279206670081,7.67702101680652],[5.242455532896599,7.673230710728774],[5.249833767914083,7.671819402843198],[5.25438864162254,7.666696294298617],[5.256680750016642,7.667176290353552],[5.261677385103269,7.67618262292973],[5.26436520778816,7.673177863867352],[5.270192939652475,7.681183242912368],[5.274779777964454,7.678514956200331],[5.276160786790911,7.67593786883765],[5.275520775263601,7.673491122917028],[5.278328265337223,7.668536283822505],[5.283085747309428,7.668022761041641],[5.285048236187208,7.673076001256504],[5.307971000061627,7.669458999932942],[5.316184083828432,7.669955715284061],[5.367171016828991,7.678816730907442],[5.3796827511581,7.671714192955676],[5.387291483315323,7.664002301365144],[5.394988069343981,7.653152423345716],[5.415459710297455,7.66194741074446],[5.42161550405234,7.68784339715512],[5.431814340359551,7.693656862174521],[5.438288442857413,7.700793976360956],[5.43983017672133,7.726192239280465],[5.436180422988173,7.729757510700608],[5.401253000325767,7.720521000243991],[5.38763800019359,7.717189000372116],[5.368305999922029,7.720051000153603],[5.357776958639761,7.715516491592837],[5.335832515957918,7.720410478061183],[5.321578614061821,7.72771920627639],[5.311024293736239,7.736709861870679],[5.296872999989034,7.753518000255553],[5.274927999727481,7.76587099974688],[5.268929000073342,7.765741000047171],[5.263259840269484,7.768732977045318],[5.260575800133097,7.77602628818272],[5.258408467276979,7.792366602836523]]]}},{"type":"Feature","properties":{"lga":"Ife Central","state":"Osun","key":"ifecentral"},"geometry":{"type":"Polygon","coordinates":[[[4.475570450016278,7.475795523644535],[4.489150968342585,7.482199600431272],[4.490117603744466,7.493184702312192],[4.500698631236901,7.496381166257891],[4.520211807129272,7.496224330788266],[4.532007085758437,7.489688915211332],[4.534450107586451,7.492834795889166],[4.536704653996651,7.492051077195526],[4.53962783105959,7.498034124675144],[4.542924581104558,7.495614307154597],[4.54729052433828,7.4963364087983],[4.547201890754707,7.494209757674241],[4.549990016625998,7.493859547280351],[4.549826520777344,7.489401978418641],[4.54856678013283,7.489203140112863],[4.547790693985405,7.48652402286541],[4.555145734588052,7.47979997628795],[4.551446721389141,7.478153816745305],[4.552507713660134,7.473760795824091],[4.555777305078607,7.472655172897987],[4.557424080656858,7.470328759864401],[4.557923199895811,7.47198234870649],[4.563984590916164,7.470856142996638],[4.56365636984566,7.473484744425491],[4.566941380140634,7.478074245629955],[4.563419813073949,7.481608153193747],[4.563724677851667,7.483360305034125],[4.567228870016379,7.486865091650714],[4.569182630973671,7.486425291693877],[4.5705572941838,7.489535322697009],[4.579712423189847,7.49194563078629],[4.581702561723887,7.489150836441979],[4.585227934721445,7.487669448885981],[4.589034365643499,7.492253322133138],[4.595328145977192,7.488312599946596],[4.600077302025909,7.490843989158805],[4.607365524799206,7.492207165328466],[4.613548041908643,7.5057143007744],[4.603545130103726,7.519234256056109],[4.600772407820386,7.519239943368746],[4.591599876033513,7.538231791264195],[4.586453811394335,7.542602405576588],[4.581467503222768,7.551592169043431],[4.581495566567185,7.564693355014356],[4.586061382326989,7.573736790020916],[4.57759546495879,7.57635816179976],[4.569034875059458,7.581477575929455],[4.560871649706939,7.590698330263763],[4.54557410975741,7.595589446995405],[4.527190756648167,7.613978601631231],[4.517879620448184,7.604952951617463],[4.508807987198907,7.599144888825606],[4.501709047434645,7.59584727812944],[4.49737075475656,7.590666534732861],[4.48414348563341,7.581901855386377],[4.477364093877895,7.565925865086626],[4.481247110166066,7.55676042085679],[4.487830762679607,7.555599822373949],[4.488965973301049,7.550881548144957],[4.489352417380189,7.533914290012547],[4.480267553304998,7.525309151296369],[4.48926634776376,7.514643772791942],[4.482961676640116,7.511641006627201],[4.474160037855484,7.504662427629],[4.468897173765583,7.495523231012328],[4.468665222422146,7.48747250185454],[4.475570450016278,7.475795523644535]]]}},{"type":"Feature","properties":{"lga":"Ola Oluwa","state":"Osun","key":"olaoluwa"},"geometry":{"type":"Polygon","coordinates":[[[4.32956207143252,7.63514709036599],[4.337130368271914,7.668445054795484],[4.322817020289278,7.683587946426655],[4.320443446807644,7.70106193565988],[4.311268583078686,7.71001196078339],[4.304938349625161,7.737764520216501],[4.297676091178687,7.743046944560888],[4.294912449350079,7.75782143341246],[4.2930442561875,7.759524963406363],[4.299250502808491,7.784363621384045],[4.29261392609186,7.789513075568038],[4.284805961725795,7.784484397636902],[4.278617492903038,7.783438340407145],[4.273997486694725,7.787975397646505],[4.270714814637017,7.793033395275017],[4.271438240082773,7.799255721774216],[4.269285769422765,7.805631980731391],[4.264541933763269,7.812572340341262],[4.257498669228255,7.81651195816039],[4.249910268943779,7.830215634144224],[4.249871001845293,7.835380821967419],[4.239674000155048,7.812211000837067],[4.225338000048737,7.810148000130141],[4.21038899955272,7.812935000050288],[4.187300999641479,7.811714000400855],[4.160830999351163,7.801102000257174],[4.133719000031874,7.793497000286379],[4.130839599268143,7.803749890345216],[4.130432710900948,7.817794896817077],[4.114840931663707,7.814171984249697],[4.075077019788694,7.820000628026605],[4.070667743621527,7.800783157316914],[4.072131157327078,7.796392441358137],[4.069413184870655,7.770573138339728],[4.070833206287489,7.759752273348795],[4.066016196390422,7.754945278301989],[4.061259745940561,7.754265783838889],[4.061783479623955,7.750076281295378],[4.092895210145855,7.757338151234762],[4.11802778365535,7.745286500171915],[4.128782145579578,7.738184219426216],[4.13303570233586,7.740586029821486],[4.139130780161452,7.750791217141],[4.143910408838337,7.750839430695237],[4.151666512899283,7.741475159850779],[4.15783608156994,7.738333552751328],[4.158909624779426,7.734212467031796],[4.15779616516096,7.723311188260766],[4.159138569689276,7.720775654972556],[4.157514941761178,7.719697991069495],[4.17342646056278,7.71659675903328],[4.173098089305427,7.708952449695857],[4.176377074142692,7.701120761214213],[4.180078508316569,7.697135196132422],[4.189252067129246,7.696220782563103],[4.189779416087219,7.694613695865428],[4.206343696104739,7.684294541060297],[4.203898914303522,7.674038569924107],[4.22218748606366,7.660867234135594],[4.225871094775243,7.660565665373213],[4.241230730214056,7.668116084589656],[4.244429276090273,7.665799163000997],[4.247944763739895,7.640800306089318],[4.268684000666155,7.64792756910208],[4.273195759077055,7.653159705156327],[4.285412531962834,7.656150153306953],[4.290021797567931,7.654504736604338],[4.291915139372236,7.651867372181528],[4.29950916311742,7.653678318099935],[4.301987924003527,7.648149103598314],[4.293911993144036,7.638588069184095],[4.305541765040459,7.620481270194489],[4.32956207143252,7.63514709036599]]]}},{"type":"Feature","properties":{"lga":"Boripe","state":"Osun","key":"boripe"},"geometry":{"type":"Polygon","coordinates":[[[4.744599964616725,7.885211168360797],[4.74405602586495,7.901270862160629],[4.745605966042547,7.923023655717202],[4.751807602738722,7.925746247091695],[4.7543850561255,7.933209832268005],[4.752074953196598,7.945102931055487],[4.747885489323949,7.949765694631139],[4.729850612715666,7.950646936706789],[4.717108112349536,7.954412078854432],[4.707304548765933,7.950337539346037],[4.69155785411175,7.947495731143135],[4.69370892542662,7.930341093866446],[4.684080966163719,7.92092887566713],[4.675667589887439,7.917760315885914],[4.673986453012446,7.915393481923672],[4.674660446322605,7.914168732101359],[4.671380714148711,7.91455357988383],[4.670258771225349,7.912010703631097],[4.667263654693954,7.913211421769745],[4.662646645926031,7.90997944989175],[4.659171459595257,7.909425900085296],[4.665520021232055,7.904084743715998],[4.663705520293547,7.900890623403598],[4.664971042679497,7.897776122769926],[4.670822981595393,7.895919303333244],[4.670589812569858,7.893443841160376],[4.674633763437498,7.888744948220847],[4.661001517905788,7.875312333297586],[4.671853605559477,7.859054704111372],[4.674044248843074,7.859884459100556],[4.69327269218104,7.852171865139496],[4.700352424225059,7.838054538785968],[4.719029418572859,7.837299718007614],[4.715864786131021,7.853749772434071],[4.721019230653042,7.859914157412504],[4.721026278639897,7.877137323029103],[4.724654401879206,7.874788655372186],[4.727852641985862,7.87456800311088],[4.737218027090307,7.879016208231462],[4.744599964616725,7.885211168360797]]]}},{"type":"Feature","properties":{"lga":"Ifelodun","state":"Osun","key":"ifelodun"},"geometry":{"type":"Polygon","coordinates":[[[4.671853605559477,7.859054704111372],[4.661001517905788,7.875312333297586],[4.674633763437498,7.888744948220847],[4.670589812569858,7.893443841160376],[4.670822981595393,7.895919303333244],[4.664971042679497,7.897776122769926],[4.663705520293547,7.900890623403598],[4.665520021232055,7.904084743715998],[4.659171459595257,7.909425900085296],[4.662646645926031,7.90997944989175],[4.667263654693954,7.913211421769745],[4.670258771225349,7.912010703631097],[4.671380714148711,7.91455357988383],[4.674660446322605,7.914168732101359],[4.673986453012446,7.915393481923672],[4.675667589887439,7.917760315885914],[4.684080966163719,7.92092887566713],[4.69370892542662,7.930341093866446],[4.69155785411175,7.947495731143135],[4.707304548765933,7.950337539346037],[4.717108112349536,7.954412078854432],[4.729850612715666,7.950646936706789],[4.747885489323949,7.949765694631139],[4.744899741030281,7.954339142037838],[4.775284989310876,7.96831889010474],[4.770145353924988,7.983832976011058],[4.768146607080325,7.996491709025179],[4.761188110842681,8.01614899138292],[4.750785888358109,8.012047042337201],[4.741450365242201,7.996650051758536],[4.717057744019712,8.006681731976414],[4.700816227087273,8.006884319555752],[4.69925467126609,7.989176651381399],[4.695066038367031,7.980407196634872],[4.694598954777973,7.974153026041392],[4.688147468430998,7.965940454888141],[4.682444335837488,7.963409611564373],[4.672943383330505,7.963609116267776],[4.645760764747536,7.958288665889256],[4.632677254951375,7.960801228693811],[4.616992029858352,7.969493877740319],[4.61194509838765,7.967947045619724],[4.598337289234564,7.977006223258627],[4.594057886862061,7.977068546276428],[4.579649136098794,7.97201067005642],[4.575949396247665,7.967380568058843],[4.576766779263494,7.964056010976151],[4.56746650777319,7.943577384089053],[4.568711283698804,7.937773608365376],[4.582693750416297,7.927944731564139],[4.599979584390383,7.923663628573649],[4.609580948002417,7.924365286828561],[4.619866638134908,7.917909474742487],[4.623650601294287,7.911163344412842],[4.604034760595766,7.88774186959165],[4.623504117021412,7.855743969608568],[4.630312693576002,7.85754830101331],[4.634077670248359,7.861048242982065],[4.648223763216151,7.842762193820249],[4.664004802080001,7.841098897696043],[4.671853605559477,7.859054704111372]]]}},{"type":"Feature","properties":{"lga":"Ekiti East","state":"Ekiti","key":"ekitieast"},"geometry":{"type":"Polygon","coordinates":[[[5.658213346868536,7.827865851327999],[5.646681804321872,7.804448017861773],[5.62444912172964,7.77407322599862],[5.614155958230924,7.746385149754929],[5.599566769291016,7.744455588654546],[5.591374310576043,7.731950705360816],[5.588302250748313,7.730471084073315],[5.582230161392886,7.719821185599301],[5.566633949397271,7.721105038866483],[5.561711334810298,7.701626045305773],[5.595909224730974,7.697322997058734],[5.602541956845869,7.693794254301451],[5.601335400308528,7.673992384341091],[5.605214158306808,7.671844437271034],[5.616874151920626,7.658844326104827],[5.622817400802433,7.642697784775009],[5.624039555181355,7.631502508633901],[5.638619446929965,7.605000943039158],[5.655056475575918,7.628722667317277],[5.659388065606777,7.628963469788346],[5.67574262642114,7.623744010577695],[5.68096208743043,7.623744010577695],[5.688617229101908,7.632442951281234],[5.691401004952468,7.638010502083034],[5.694880962186687,7.671763420045863],[5.699404240013735,7.682898045008812],[5.716454983111021,7.700992584440257],[5.767605781581608,7.737181187561816],[5.773028373360773,7.747318744964161],[5.791615485866032,7.782068728688898],[5.767953873172758,7.787636280390075],[5.755774975234942,7.795639514552022],[5.746031761556594,7.80503463843786],[5.737289428564338,7.821079254204278],[5.728981495099958,7.828348637080012],[5.710191250026242,7.830088139056443],[5.658213346868536,7.827865851327999]]]}},{"type":"Feature","properties":{"lga":"Orolu","state":"Osun","key":"orolu"},"geometry":{"type":"Polygon","coordinates":[[[4.428970964838186,7.889347074907619],[4.43248520512816,7.886127725913866],[4.444471435008779,7.88738361206407],[4.44764909502976,7.884288892018787],[4.45099465667812,7.876967634448818],[4.448671609806979,7.868722032995493],[4.437010991164357,7.852987386558709],[4.438088398760669,7.84847744028167],[4.444809035108904,7.843565696699613],[4.455290795433882,7.828035267413725],[4.472621316720449,7.827021414007106],[4.475352555975746,7.828149269972869],[4.475740213240272,7.834895459657787],[4.479235062348323,7.837353823919898],[4.482029336884466,7.842555011604532],[4.481364847609655,7.857570987311249],[4.48466218671058,7.863480552085832],[4.482537665181155,7.865861285070309],[4.483343449640529,7.868751413846724],[4.496407688763895,7.880549690815656],[4.496280941012685,7.885727235323714],[4.498279097902071,7.891500377440536],[4.496821599936936,7.897511255340191],[4.507441048265832,7.909910616681657],[4.509550416218758,7.913543348047142],[4.509906030638831,7.917661623385243],[4.523559173716933,7.93469339618332],[4.525378804388367,7.940675333899605],[4.522222518554429,7.955598829622318],[4.506592751054654,7.95178651803343],[4.495918750749809,7.943399905581202],[4.45817899696317,7.941493987657452],[4.44979238361168,7.938063144198793],[4.44178676624631,7.928914069428799],[4.439118385105417,7.906422615011707],[4.433019161405241,7.891555308930435],[4.428970964838186,7.889347074907619]]]}},{"type":"Feature","properties":{"lga":"Osogbo","state":"Osun","key":"osogbo"},"geometry":{"type":"Polygon","coordinates":[[[4.606645449328084,7.787261279284678],[4.605003407781112,7.785827745554059],[4.597379620073468,7.793142987558895],[4.583468437218642,7.793385908832647],[4.577720439246946,7.790055312802508],[4.573046465621928,7.795485770951643],[4.563228183733713,7.798417542835409],[4.536806458151545,7.795331878063791],[4.526558901971782,7.794338495924876],[4.526331225105992,7.785691028817951],[4.527235036567731,7.783406442353453],[4.529045182988853,7.783656852281979],[4.532276464187532,7.774971948196878],[4.523098512186664,7.770745659784438],[4.517193581618528,7.77613229307093],[4.506076592360898,7.774675823030861],[4.502662996100412,7.771417313058578],[4.503028899664059,7.766021003966216],[4.485426894635509,7.755263175155449],[4.48112405503116,7.746019488108914],[4.49514576456545,7.734291240448442],[4.515107325342854,7.721271330707395],[4.554772652635847,7.708309375976967],[4.55779666078729,7.714015788397944],[4.578119946878076,7.714567925369522],[4.590334652222452,7.722003173807479],[4.599747981084533,7.729978085620189],[4.601096687162453,7.735965641401265],[4.587731464735384,7.74051057130589],[4.59077465362742,7.74501103243324],[4.596891229746518,7.745346100941845],[4.599605148958517,7.751096424560387],[4.596685650122708,7.755050322714283],[4.610299643014173,7.752269564988467],[4.606314149878187,7.766778985861549],[4.608996024447038,7.774333119278083],[4.606645449328084,7.787261279284678]]]}},{"type":"Feature","properties":{"lga":"Ise/Orun","state":"Ekiti","key":"iseorun"},"geometry":{"type":"Polygon","coordinates":[[[5.388226031805971,7.28318691344532],[5.404620170884243,7.290330410120362],[5.412964820969762,7.290376663152529],[5.426857470595849,7.293223380754455],[5.458335399659006,7.301708221657179],[5.467468635569105,7.301758715892049],[5.456472187841257,7.330391647756414],[5.44188520493833,7.352990182650842],[5.441448147913718,7.366857558629476],[5.432180775422523,7.384233417438338],[5.4370725837328,7.400896585109365],[5.434158354924193,7.411379829315706],[5.437014516306931,7.414712650268655],[5.438955774889166,7.425455518857177],[5.438505308972879,7.43973972161092],[5.450797815566773,7.444829029136429],[5.455703559771507,7.436711054971283],[5.459016892415718,7.437288347779088],[5.461598138243517,7.445426338155016],[5.460200732078192,7.450490548300195],[5.459936111062746,7.46316173512605],[5.472196474088037,7.467058063179138],[5.477790412797333,7.473871079686603],[5.485108334781899,7.478872635863524],[5.49849873912558,7.470222165920291],[5.521304845642135,7.498129213592392],[5.540538449290068,7.515193826933626],[5.518584829026679,7.534731905053434],[5.498493615687835,7.531923301619145],[5.48977011000261,7.552756910702897],[5.466075545250249,7.540352344984797],[5.459214995076024,7.541518211696143],[5.4569113501787,7.546596430580848],[5.453487693202533,7.547080087775896],[5.45122528132174,7.549587136836919],[5.432593923970444,7.549515253126458],[5.430084043843578,7.536140818943693],[5.408422708641126,7.541009142358064],[5.397462327324604,7.548536865384051],[5.369870251011321,7.547572363174083],[5.36593117818137,7.548540251331588],[5.35219311212245,7.547043759661847],[5.332255950851504,7.559165288946986],[5.327875765054557,7.567046193726924],[5.324200564104785,7.565023770430685],[5.324489230293807,7.56019476087954],[5.321053267894058,7.555790784417241],[5.321131310161888,7.550914485814928],[5.319422270021789,7.548567773284162],[5.315337087936314,7.546758075624723],[5.317317744018737,7.542806733344094],[5.316630477614524,7.53699130780268],[5.315185034162027,7.535967215614562],[5.315798602923223,7.533916452882067],[5.313458751320354,7.532460748165022],[5.312203188926048,7.527112809108928],[5.30728117058959,7.524800557699621],[5.306625726695984,7.499693954812187],[5.304219066256962,7.484523408128837],[5.308854705380384,7.480042652046791],[5.306206102129977,7.476553055878867],[5.309282948149587,7.475001881831417],[5.309218703280578,7.469803861559001],[5.310285239871973,7.46908044240854],[5.307515507834466,7.463110760653137],[5.309248137191844,7.461713858108112],[5.312080360420339,7.463544590910203],[5.315530190366019,7.463453488687605],[5.317022717824216,7.456962571565498],[5.324601135633941,7.450273620131497],[5.322973279992937,7.442301953972049],[5.324864745811396,7.438293110838458],[5.322150367045879,7.436415695128289],[5.328809260439073,7.417334079604132],[5.34004831198007,7.397082329186219],[5.348521709009731,7.374045372096305],[5.354249476732036,7.344529629738645],[5.355233192058222,7.334378241662591],[5.354439258864772,7.310366154174744],[5.358230114428295,7.295613290421045],[5.388226031805971,7.28318691344532]]]}},{"type":"Feature","properties":{"lga":"Iwo","state":"Osun","key":"iwo"},"geometry":{"type":"Polygon","coordinates":[[[4.247944763739895,7.640800306089318],[4.244429276090273,7.665799163000997],[4.241230730214056,7.668116084589656],[4.225871094775243,7.660565665373213],[4.22218748606366,7.660867234135594],[4.203898914303522,7.674038569924107],[4.206343696104739,7.684294541060297],[4.189779416087219,7.694613695865428],[4.189252067129246,7.696220782563103],[4.180078508316569,7.697135196132422],[4.176377074142692,7.701120761214213],[4.173098089305427,7.708952449695857],[4.17342646056278,7.71659675903328],[4.157514941761178,7.719697991069495],[4.159138569689276,7.720775654972556],[4.15779616516096,7.723311188260766],[4.158909624779426,7.734212467031796],[4.15783608156994,7.738333552751328],[4.151666512899283,7.741475159850779],[4.143910408838337,7.750839430695237],[4.139130780161452,7.750791217141],[4.13303570233586,7.740586029821486],[4.128782145579578,7.738184219426216],[4.11802778365535,7.745286500171915],[4.092895210145855,7.757338151234762],[4.061783479623955,7.750076281295378],[4.074169636219779,7.735920428884754],[4.07824659310586,7.708062172131577],[4.074169636219779,7.681563377348027],[4.057183264795867,7.679524897556007],[4.052928923830791,7.674966810569913],[4.068733691306875,7.665935514612386],[4.075807605636555,7.653036076253954],[4.093373298738811,7.621484278676576],[4.110181331003673,7.612257956639439],[4.121732234155331,7.610219477746739],[4.138718604679923,7.598668574595081],[4.141589255040117,7.593246460355886],[4.144939733282115,7.596887494262489],[4.158419496962267,7.604399203960156],[4.170041869236911,7.598394514295421],[4.175666275178514,7.602674487737488],[4.176970604210055,7.610176321979736],[4.183025297079837,7.608169769019696],[4.186461266674144,7.617909243317001],[4.191772177044356,7.618332932818646],[4.212934908319426,7.609939263386366],[4.222867620844056,7.62936625544836],[4.231613732787594,7.640859344782996],[4.237382183141278,7.639668780889565],[4.247944763739895,7.640800306089318]]]}},{"type":"Feature","properties":{"lga":"Odo Otin","state":"Osun","key":"odootin"},"geometry":{"type":"Polygon","coordinates":[[[4.568998335604761,8.05475616466532],[4.560724734658834,8.053951263340196],[4.559199810023244,8.048995017705977],[4.563011644971482,8.034128189164619],[4.563011644971482,8.00896835270737],[4.557293891200175,7.980758666978943],[4.553082568405841,7.975284208599419],[4.559595669104908,7.973229907034636],[4.576766779263494,7.964056010976151],[4.575949396247665,7.967380568058843],[4.579649136098794,7.97201067005642],[4.594057886862061,7.977068546276428],[4.598337289234564,7.977006223258627],[4.61194509838765,7.967947045619724],[4.616992029858352,7.969493877740319],[4.632677254951375,7.960801228693811],[4.645760764747536,7.958288665889256],[4.672943383330505,7.963609116267776],[4.682444335837488,7.963409611564373],[4.688147468430998,7.965940454888141],[4.694598954777973,7.974153026041392],[4.695066038367031,7.980407196634872],[4.69925467126609,7.989176651381399],[4.700816227087273,8.006884319555752],[4.717057744019712,8.006681731976414],[4.741450365242201,7.996650051758536],[4.750785888358109,8.012047042337201],[4.761188110842681,8.01614899138292],[4.768146607080325,7.996491709025179],[4.770145353924988,7.983832976011058],[4.775284989310876,7.96831889010474],[4.777846876332319,7.962790609099386],[4.783671000116613,7.957376000601982],[4.787169999595847,7.959851001422635],[4.793089000057364,7.969197000741019],[4.804792000150712,7.97959900019373],[4.809453000155884,7.99680200031213],[4.811078000449413,8.01175100080809],[4.806973000004007,8.014586000243753],[4.806352909359305,8.017491039779713],[4.80940051392264,8.042394457038597],[4.808808985746168,8.061739966026664],[4.799294949002729,8.065057754811562],[4.785638809383613,8.068437576133306],[4.779158114855193,8.068437576133306],[4.766197204237642,8.0680561071037],[4.754760741614973,8.06500625603394],[4.735319444037145,8.06348133139835],[4.721214293604817,8.064244270356824],[4.711684226445925,8.05966949465153],[4.704441069599739,8.048233031129541],[4.69960880270412,8.049096106899867],[4.692242145558623,8.056238173652844],[4.687286376565055,8.057001112611317],[4.675087928265327,8.049757955765074],[4.673563002730418,8.045946120816893],[4.665557383566465,8.043276787293962],[4.659458159866233,8.045564650887968],[4.648403167172489,8.05356979431059],[4.637353216078111,8.053585696123037],[4.633916855278699,8.057001111711998],[4.632392404585858,8.061194420186382],[4.633916854379379,8.071486473022333],[4.62896108628513,8.07453632409215],[4.621718406978971,8.075679778798815],[4.603038786610739,8.0680561071037],[4.598083019415867,8.063862801327275],[4.568998335604761,8.05475616466532]]]}},{"type":"Feature","properties":{"lga":"Ilesa West","state":"Osun","key":"ilesawest"},"geometry":{"type":"Polygon","coordinates":[[[4.66289489118634,7.688552672667754],[4.653728999993405,7.682384000621198],[4.655499999825167,7.677746000777347],[4.6690470004188,7.658836000181338],[4.664828000112152,7.655468000447911],[4.655143999595964,7.655862000630862],[4.662181998600431,7.634545000551384],[4.668131000445385,7.631448000724674],[4.681296999656865,7.618322000659873],[4.677963571661564,7.615190331068959],[4.684941638046212,7.605875402427955],[4.704391677933643,7.595326880930884],[4.708309542951099,7.587335959387076],[4.721480604446413,7.593874083722028],[4.723781787899213,7.599779731049807],[4.728373919620765,7.6048498209625],[4.732665792892078,7.604449181984194],[4.735254658675615,7.607571744140728],[4.742049059216754,7.609526104945814],[4.743058132726674,7.616304044296271],[4.744858341639201,7.615698809552441],[4.747144158376273,7.617076392861293],[4.744973292983161,7.620857462901654],[4.745867353095889,7.623235738038943],[4.754048078356163,7.624445651745475],[4.752345566394808,7.622967211267849],[4.754077208296565,7.620703636563633],[4.762896107769222,7.621416203594947],[4.763518847816613,7.623170103717371],[4.766956073763822,7.624598211838077],[4.768657359949259,7.627082893860518],[4.768118052706029,7.628678456645503],[4.771445132386987,7.629647381721327],[4.772662261354299,7.634156496125456],[4.774847347726961,7.636502505386375],[4.778375412395405,7.635205588567089],[4.778976292621849,7.637034880655278],[4.782866999912187,7.636877000173456],[4.784061415601911,7.639679209428039],[4.789495487226986,7.648625395345789],[4.789114000210986,7.652208000299026],[4.795715778560407,7.670043581745972],[4.779429195700857,7.678030608325969],[4.764313701016533,7.670073653276518],[4.747988296222957,7.678936394698894],[4.7346295848875,7.670653862585766],[4.728804213743501,7.674364783707858],[4.717695974889352,7.675625123300847],[4.712232080845922,7.67145696616609],[4.697284014745549,7.682309832632711],[4.685218945797772,7.68324918530169],[4.666315914048255,7.689516832236052],[4.66289489118634,7.688552672667754]]]}},{"type":"Feature","properties":{"lga":"Irepodun","state":"Osun","key":"irepodun"},"geometry":{"type":"Polygon","coordinates":[[[4.522222518554429,7.955598829622318],[4.525378804388367,7.940675333899605],[4.523559173716933,7.93469339618332],[4.509906030638831,7.917661623385243],[4.509550416218758,7.913543348047142],[4.507441048265832,7.909910616681657],[4.496821599936936,7.897511255340191],[4.498279097902071,7.891500377440536],[4.496280941012685,7.885727235323714],[4.496407688763895,7.880549690815656],[4.483343449640529,7.868751413846724],[4.482537665181155,7.865861285070309],[4.48466218671058,7.863480552085832],[4.481364847609655,7.857570987311249],[4.482029336884466,7.842555011604532],[4.479235062348323,7.837353823919898],[4.483803493336609,7.827714692379175],[4.486047067118477,7.827016231214145],[4.502154872849133,7.831295279253766],[4.500835967605894,7.834431683775222],[4.502734654980372,7.836395968599106],[4.506244790764526,7.838770337980748],[4.511682832896497,7.839318216662434],[4.514199428261065,7.846876041795952],[4.520212784692319,7.856119793593621],[4.535564680565585,7.860060433042577],[4.532550388689515,7.871528745155501],[4.537847664438232,7.88208545857708],[4.544805069798201,7.886109409421749],[4.556267263823202,7.908018579793691],[4.559611363173929,7.910605701791781],[4.567635601002223,7.911178357695121],[4.563428362029356,7.918375702176945],[4.563951176605542,7.92367072872122],[4.569160683019163,7.932419203183713],[4.568711283698804,7.937773608365376],[4.56746650777319,7.943577384089053],[4.576766779263494,7.964056010976151],[4.559595669104908,7.973229907034636],[4.553082568405841,7.975284208599419],[4.549669266223702,7.970847129891183],[4.535564899100848,7.961317060933652],[4.522222518554429,7.955598829622318]]]}},{"type":"Feature","properties":{"lga":"Ndokwa West","state":"Delta","key":"ndokwawest"},"geometry":{"type":"Polygon","coordinates":[[[6.21146297493641,5.621732234754859],[6.220993042095245,5.619729995842704],[6.236637115110796,5.619166851169268],[6.27742195086239,5.62297391881134],[6.312063217343677,5.632277012374288],[6.32563877141223,5.6379380234211],[6.340583801401351,5.6415309912623],[6.353500843089478,5.6423311225833],[6.364359856422311,5.647275925243775],[6.375199795134506,5.656382085265079],[6.391480922706478,5.665532112417111],[6.405072212212872,5.667726040024775],[6.417997837030612,5.666446209425089],[6.426571369073486,5.670458793738362],[6.434673785866551,5.683962345385964],[6.44952773971346,5.686663150683898],[6.46007013323009,5.686906814797737],[6.470458507953822,5.691389561079404],[6.475184916550688,5.702867507629435],[6.473159313251756,5.714345931719436],[6.44952773971346,5.727174282267356],[6.438742161421658,5.74290180157692],[6.436648846367234,5.75467300355632],[6.437953948815732,5.767167091388217],[6.436487197726024,5.791427134554681],[6.438471793738358,5.803925990592063],[6.443194865850444,5.812286853655394],[6.453359126822306,5.820693015570271],[6.461472988387754,5.831162930025243],[6.47294712091292,5.850676060951514],[6.476984977974382,5.860417842909158],[6.477623939992895,5.869439124915743],[6.471470833412297,5.877016067837303],[6.44966077822238,5.88792991643254],[6.44280576697264,5.900355815868238],[6.447514056928242,5.912183762370773],[6.458979129683144,5.933777809398407],[6.475131034569642,5.972054005188227],[6.479153156193263,5.985262870585075],[6.456026077141814,5.986457824968682],[6.444475173990156,5.984281062720925],[6.411818981061174,5.987476826094678],[6.403610229328649,5.998504161937547],[6.400844097277343,6.008882999350988],[6.393972873948996,6.024775982225833],[6.38306808512408,6.030232907422771],[6.374277114996914,6.019063949941369],[6.366206169079476,5.998886107607802],[6.360808849149123,5.989132880877776],[6.345836163208389,5.991782188297407],[6.337645054375798,5.998649120060918],[6.319196224326333,6.018606186026716],[6.309711932659638,6.010204792317381],[6.299509047604488,6.010814190022927],[6.293352126999082,6.019083976944046],[6.283148766202657,6.019692898008884],[6.270244121668952,6.016118049708268],[6.25663995656879,6.016697884000223],[6.247943878407284,5.984033107941627],[6.245960235676364,5.97153282198218],[6.243769646352121,5.967384815057244],[6.271000861600555,5.960143089032385],[6.297913073829363,5.942641257687967],[6.321268559096779,5.922478675950174],[6.328780651006298,5.913917066219653],[6.333525180942388,5.906830788010495],[6.338180064658332,5.895586967364693],[6.344323634827958,5.888455867844073],[6.361889362104421,5.859463216154552],[6.367897510561704,5.846095561960681],[6.376461982834314,5.821550368954433],[6.377026080789051,5.815291404974403],[6.374627589791487,5.801497936180851],[6.348587989743976,5.794700623634924],[6.327428341344898,5.7870540623951],[6.304780005592818,5.775293826748737],[6.296907424937785,5.767223358371325],[6.2747101783321,5.776253222608204],[6.265634060163791,5.777236462193002],[6.243052006245136,5.773168564177922],[6.216491290440729,5.763359833989171],[6.208510177802509,5.762431155373577],[6.205429781259454,5.751722540163144],[6.203630102047612,5.749909513213538],[6.197464330314631,5.746904010411811],[6.18691808680029,5.73679431670439],[6.177576270228712,5.735614448448075],[6.172582164035703,5.732858705365004],[6.166832446560193,5.726475715881634],[6.173686027887925,5.706716060997451],[6.174417972611423,5.694931984323659],[6.179989814978001,5.665159224718479],[6.190961838018438,5.644445896361049],[6.21146297493641,5.621732234754859]]]}},{"type":"Feature","properties":{"lga":"Emure","state":"Ekiti","key":"emure"},"geometry":{"type":"Polygon","coordinates":[[[5.540538449290068,7.515193826933626],[5.521304845642135,7.498129213592392],[5.49849873912558,7.470222165920291],[5.485108334781899,7.478872635863524],[5.477790412797333,7.473871079686603],[5.472196474088037,7.467058063179138],[5.459936111062746,7.46316173512605],[5.460200732078192,7.450490548300195],[5.461598138243517,7.445426338155016],[5.459016892415718,7.437288347779088],[5.455703559771507,7.436711054971283],[5.450797815566773,7.444829029136429],[5.438505308972879,7.43973972161092],[5.438955774889166,7.425455518857177],[5.437014516306931,7.414712650268655],[5.434158354924193,7.411379829315706],[5.4370725837328,7.400896585109365],[5.432180775422523,7.384233417438338],[5.441448147913718,7.366857558629476],[5.44188520493833,7.352990182650842],[5.456472187841257,7.330391647756414],[5.467468635569105,7.301758715892049],[5.473170279784654,7.301790237129808],[5.481499671972358,7.304606438036728],[5.504433632406233,7.316193105427544],[5.521214485360247,7.332527637440592],[5.533149719184223,7.353830814040862],[5.53683805473247,7.357544898977949],[5.546641575148612,7.373566698944046],[5.552476882901885,7.379792212640552],[5.575445651595601,7.417777061362358],[5.588349341948629,7.431698798660705],[5.599372863766689,7.450227260979375],[5.605469696169564,7.473188396227556],[5.589097120136046,7.483105283382145],[5.58068763702488,7.50663168570378],[5.546473069176841,7.512564669723758],[5.543575928386417,7.515126972232054],[5.540538449290068,7.515193826933626]]]}},{"type":"Feature","properties":{"lga":"Ikere","state":"Ekiti","key":"ikere"},"geometry":{"type":"Polygon","coordinates":[[[5.322150367045879,7.436415695128289],[5.324864745811396,7.438293110838458],[5.322973279992937,7.442301953972049],[5.324601135633941,7.450273620131497],[5.317022717824216,7.456962571565498],[5.315530190366019,7.463453488687605],[5.312080360420339,7.463544590910203],[5.309248137191844,7.461713858108112],[5.307515507834466,7.463110760653137],[5.310285239871973,7.46908044240854],[5.309218703280578,7.469803861559001],[5.309282948149587,7.475001881831417],[5.306206102129977,7.476553055878867],[5.308854705380384,7.480042652046791],[5.304219066256962,7.484523408128837],[5.306625726695984,7.499693954812187],[5.30728117058959,7.524800557699621],[5.312203188926048,7.527112809108928],[5.313458751320354,7.532460748165022],[5.315798602923223,7.533916452882067],[5.315185034162027,7.535967215614562],[5.316630477614524,7.53699130780268],[5.317317744018737,7.542806733344094],[5.315337087936314,7.546758075624723],[5.319422270021789,7.548567773284162],[5.321131310161888,7.550914485814928],[5.321053267894058,7.555790784417241],[5.324489230293807,7.56019476087954],[5.324200564104785,7.565023770430685],[5.327875765054557,7.567046193726924],[5.326310567878465,7.570511402079603],[5.319698073207576,7.576522217926083],[5.302202495748645,7.583215519380758],[5.298962322952889,7.585777775124257],[5.271813786876805,7.585390088182066],[5.267420544722427,7.588080532390734],[5.250066857799311,7.588444757819389],[5.250821812576646,7.582791342446569],[5.248035456571131,7.578363333401171],[5.24653181798908,7.569946338252976],[5.240671178132402,7.562134037355975],[5.237726605298633,7.554107606081232],[5.226484086871153,7.547919273056038],[5.226718684919433,7.546524750117158],[5.222589692360486,7.546273678287662],[5.221300280383673,7.542076547694592],[5.219441755832406,7.541541619250381],[5.217404020679055,7.546133616073575],[5.21087009977532,7.566985361785044],[5.207050319316807,7.566895470949248],[5.202943650629038,7.565489627344448],[5.202783438205131,7.562102625835564],[5.200093788097888,7.560602060236931],[5.193380012677494,7.562194200202214],[5.188297781917129,7.56000239229661],[5.18290299987359,7.553210429817511],[5.180484999882879,7.546339430420403],[5.171855788114158,7.54019476307792],[5.137383561801983,7.520298459806099],[5.118845390402498,7.500268241186404],[5.110541476008336,7.498544378420377],[5.086197840857722,7.456308112429497],[5.102385998315242,7.450243949698574],[5.126518726258269,7.445760726776143],[5.167345524376515,7.440446854039124],[5.181248187054223,7.441447258084565],[5.187743663739127,7.440559863746785],[5.192399979175718,7.436892032741184],[5.199147036706449,7.437373640381225],[5.217449664870173,7.434260845761457],[5.245270251720797,7.433491706876794],[5.264667217218346,7.438435669570538],[5.27956581161294,7.435528278307459],[5.294395447791715,7.436533928098356],[5.314757823814546,7.443110466075211],[5.320331097002565,7.441294670112995],[5.322150367045879,7.436415695128289]]]}},{"type":"Feature","properties":{"lga":"Ejigbo","state":"Osun","key":"ejigbo"},"geometry":{"type":"Polygon","coordinates":[[[4.371104130051606,7.848700920910801],[4.367285250713792,7.849197864689756],[4.365925787844901,7.851528168190441],[4.365925787844901,7.858008861819542],[4.360207557432886,7.88278770408931],[4.351439951692441,7.896130084635729],[4.34839010062268,7.904897690376174],[4.339691811028331,7.914562725089752],[4.328186034957582,7.935013293129032],[4.315987109117827,7.943018913192361],[4.307110785234613,7.944463729817301],[4.295395850238322,7.954551219263408],[4.28587150636497,7.965510367609454],[4.276341437407439,7.971228599820051],[4.265286445613015,7.970084666674097],[4.250800132819904,7.965510367609454],[4.235551834349735,7.95636129373878],[4.234026908814826,7.931201458180794],[4.230215072967269,7.927770137182108],[4.224877833145513,7.927008152404369],[4.216110228304444,7.921670912582613],[4.198193072052675,7.916334151200147],[4.191331386933996,7.910234449959944],[4.192093848352442,7.900704383700372],[4.200861454092887,7.878594398312885],[4.202767847758025,7.868682860325805],[4.197049617346011,7.865252017766466],[4.186375617041165,7.864870546938221],[4.174176693000049,7.86105871199004],[4.164646624941838,7.854959010749781],[4.147110938618994,7.849622249367371],[4.116613865037891,7.849240780337766],[4.099078177815727,7.863727093130876],[4.093563924435614,7.863616561954814],[4.090156254707438,7.860070779742728],[4.09114646763544,7.850165842779461],[4.076208114213159,7.824930189876397],[4.075077019788694,7.820000628026605],[4.114840931663707,7.814171984249697],[4.130432710900948,7.817794896817077],[4.130839599268143,7.803749890345216],[4.133719000031874,7.793497000286379],[4.160830999351163,7.801102000257174],[4.187300999641479,7.811714000400855],[4.21038899955272,7.812935000050288],[4.225338000048737,7.810148000130141],[4.239674000155048,7.812211000837067],[4.249871001845293,7.835380821967419],[4.249910268943779,7.830215634144224],[4.257498669228255,7.81651195816039],[4.264541933763269,7.812572340341262],[4.269285769422765,7.805631980731391],[4.271438240082773,7.799255721774216],[4.270714814637017,7.793033395275017],[4.273997486694725,7.787975397646505],[4.278617492903038,7.783438340407145],[4.284805961725795,7.784484397636902],[4.29261392609186,7.789513075568038],[4.299250502808491,7.784363621384045],[4.2930442561875,7.759524963406363],[4.294912449350079,7.75782143341246],[4.297676091178687,7.743046944560888],[4.304938349625161,7.737764520216501],[4.311268583078686,7.71001196078339],[4.320443446807644,7.70106193565988],[4.337527032246783,7.724752196256873],[4.341695788330014,7.752685249624619],[4.33531023577882,7.779203250329772],[4.33722954910445,7.784494613036031],[4.325954611016527,7.806443439013549],[4.334980877065846,7.821091461601725],[4.34216682443946,7.82655925960222],[4.346894153942117,7.834991830108947],[4.356223341334157,7.845477307331919],[4.369127912123474,7.846330706397055],[4.371104130051606,7.848700920910801]]]}},{"type":"Feature","properties":{"lga":"Ijero","state":"Ekiti","key":"ijero"},"geometry":{"type":"Polygon","coordinates":[[[4.947042175755882,7.902162896100833],[4.956185421120324,7.886569129361874],[4.958476507884598,7.87247296765338],[4.942339099170113,7.859560309260928],[4.961819190803055,7.84251318593482],[4.977080775857189,7.838128662707675],[4.982593934762349,7.83149890734876],[4.986146423218884,7.815340005736743],[4.989852308137586,7.811229094946839],[4.989815919768944,7.807477000163487],[4.983533265847598,7.803719176698678],[4.976718927336663,7.807398631441743],[4.967979828306454,7.80522508966618],[4.967706681718028,7.79857355812328],[4.987718802380869,7.771133680375101],[4.995304895004949,7.765162200874897],[4.992482999590834,7.760517000159496],[5.004688000350995,7.744872999989013],[5.029347999910328,7.729247999795405],[5.046858522303012,7.747043993085867],[5.047235892222716,7.753686141102605],[5.062037829282417,7.750554076709307],[5.079083840147177,7.739807832065821],[5.09112975263605,7.736819664595885],[5.102802502233715,7.736937339986298],[5.109632794717754,7.743582998056979],[5.12669264794738,7.753835398884576],[5.148681080067831,7.770717894115592],[5.139499016366585,7.784642058684085],[5.134994323029616,7.806773022556968],[5.140089081346048,7.8219963243709],[5.114364620830656,7.824238273977187],[5.110366547078513,7.828101705729182],[5.103202396573408,7.842910694373074],[5.097581789368121,7.84829131659103],[5.102856628830409,7.862323440274622],[5.107559027327284,7.8638330602476],[5.129122616115865,7.861702044713638],[5.137007747709447,7.882406158617357],[5.129554445381416,7.885062844974357],[5.122320568639395,7.884351944386765],[5.111862801327277,7.886127976824696],[5.108878312983791,7.888294276359829],[5.103455049411025,7.888241392626242],[5.098950812929729,7.890735877258976],[5.092605092251233,7.891260622679624],[5.090604074618398,7.889229577582967],[5.084433727134865,7.892349432780122],[5.084202402618814,7.895510819568699],[5.078212191139755,7.899046503293562],[5.069443695070504,7.90988619109487],[5.07721496709712,7.921508010286516],[5.084834861639592,7.925500743864291],[5.095089420840168,7.918352088677977],[5.100856982663686,7.911746980139071],[5.102770138331266,7.909060610758615],[5.101133974753168,7.904797299056156],[5.104561887321267,7.89973355925639],[5.10846435504601,7.897800156252231],[5.108746370748463,7.893893649672236],[5.113808063691238,7.893478366133763],[5.123679356117464,7.899200979841396],[5.11515530117623,7.901552328377306],[5.11833871056308,7.90571833163574],[5.110312176765603,7.908705757165023],[5.109643764648069,7.918375142798652],[5.106925558367891,7.927111098698276],[5.100238530583795,7.937572454305382],[5.094750427690144,7.937063314820193],[5.074736476007615,7.952942727824677],[5.052556294037799,7.948694389834259],[5.045555851621316,7.94332878899246],[5.020274162422709,7.960935592803423],[5.016461849035181,7.955217360592769],[5.001213550564955,7.946068286722095],[4.990539551159429,7.931201458180794],[4.947042175755882,7.902162896100833]]]}},{"type":"Feature","properties":{"lga":"Olorunda","state":"Osun","key":"olorunda"},"geometry":{"type":"Polygon","coordinates":[[[4.664004802080001,7.841098897696043],[4.648223763216151,7.842762193820249],[4.634077670248359,7.861048242982065],[4.630312693576002,7.85754830101331],[4.623504117021412,7.855743969608568],[4.604034760595766,7.88774186959165],[4.623650601294287,7.911163344412842],[4.619866638134908,7.917909474742487],[4.609580948002417,7.924365286828561],[4.599979584390383,7.923663628573649],[4.582693750416297,7.927944731564139],[4.568711283698804,7.937773608365376],[4.569160683019163,7.932419203183713],[4.563951176605542,7.92367072872122],[4.563428362029356,7.918375702176945],[4.567635601002223,7.911178357695121],[4.559611363173929,7.910605701791781],[4.556267263823202,7.908018579793691],[4.544805069798201,7.886109409421749],[4.537847664438232,7.88208545857708],[4.532550388689515,7.871528745155501],[4.535564680565585,7.860060433042577],[4.549318570195908,7.831621403105316],[4.548004505103847,7.827571174070499],[4.549640085021963,7.820117978761743],[4.546681750762218,7.816168821833685],[4.545829786115803,7.808940176448061],[4.539034299193588,7.80723445930289],[4.53765101778032,7.809107149075714],[4.533594132863016,7.806490809003662],[4.534466271101564,7.805220328655309],[4.532486642944264,7.803696947256356],[4.536806458151545,7.795331878063791],[4.563228183733713,7.798417542835409],[4.573046465621928,7.795485770951643],[4.577720439246946,7.790055312802508],[4.583468437218642,7.793385908832647],[4.597379620073468,7.793142987558895],[4.605003407781112,7.785827745554059],[4.606645449328084,7.787261279284678],[4.60973727715367,7.789909948185596],[4.637149195878749,7.797497931184637],[4.64066010597918,7.790959405752005],[4.66016372927271,7.784391492273585],[4.660165875954476,7.790750397013255],[4.663083862130577,7.800716387151567],[4.660446477023356,7.815847018325258],[4.667639883373965,7.829495448056548],[4.664004802080001,7.841098897696043]]]}},{"type":"Feature","properties":{"lga":"Ede North","state":"Osun","key":"edenorth"},"geometry":{"type":"Polygon","coordinates":[[[4.539893427839445,7.657129932300563],[4.552416849757833,7.656637425776637],[4.563606386425647,7.668369911941909],[4.563281320176827,7.67341663926652],[4.568389117763616,7.683364954129388],[4.575836355963133,7.691986259058638],[4.579916018009897,7.700152444979381],[4.578119946878076,7.714567925369522],[4.55779666078729,7.714015788397944],[4.554772652635847,7.708309375976967],[4.515107325342854,7.721271330707395],[4.49514576456545,7.734291240448442],[4.48112405503116,7.746019488108914],[4.475845621878022,7.746232835177238],[4.455745370352588,7.753552932621801],[4.453379111057188,7.774430588700739],[4.450102630831793,7.775756662440074],[4.431753151586747,7.767694323933938],[4.426777658662047,7.760254998869129],[4.422621439128136,7.767183314758199],[4.417220142395706,7.770480484786617],[4.407593694893137,7.751448054084449],[4.391064698876789,7.740708709039723],[4.395221002047663,7.730365485678647],[4.399176229399529,7.732773122781452],[4.415799162301539,7.727787364095605],[4.417321915074353,7.728522526593395],[4.428952732882351,7.722519811839902],[4.441579379884502,7.725438217999397],[4.445317805872094,7.718917666417212],[4.446767413185626,7.711929139118524],[4.468816027038088,7.698509657894419],[4.475711320720904,7.689997521668317],[4.489367783196712,7.694624011089275],[4.495666089818258,7.694821200038405],[4.499336128659479,7.693336947242358],[4.511965736229797,7.682709860971329],[4.518908062657033,7.680965013424668],[4.528016542029832,7.672215892349584],[4.532723714128167,7.663342090165372],[4.539893427839445,7.657129932300563]]]}},{"type":"Feature","properties":{"lga":"Atakunmosa West","state":"Osun","key":"atakunmosawest"},"geometry":{"type":"Polygon","coordinates":[[[4.527190756648167,7.613978601631231],[4.54557410975741,7.595589446995405],[4.560871649706939,7.590698330263763],[4.569034875059458,7.581477575929455],[4.57759546495879,7.57635816179976],[4.586061382326989,7.573736790020916],[4.581495566567185,7.564693355014356],[4.581467503222768,7.551592169043431],[4.586453811394335,7.542602405576588],[4.591599876033513,7.538231791264195],[4.600772407820386,7.519239943368746],[4.603545130103726,7.519234256056109],[4.613548041908643,7.5057143007744],[4.62638194397158,7.501785071024244],[4.634643572243135,7.492157023627783],[4.641920155990476,7.479706326285964],[4.643241464222228,7.473927520238931],[4.641622984912885,7.472561899711934],[4.639692171056879,7.466079190702146],[4.636945068660054,7.447178410855031],[4.637964999685039,7.444199872426225],[4.64573800020861,7.445188000725693],[4.6494049993413,7.443743000639017],[4.6512629995878,7.444404001443559],[4.653682999670764,7.451505000655288],[4.651275315803218,7.456778330155885],[4.673736476557224,7.467821816024014],[4.677887569955431,7.465980028755382],[4.679788639634069,7.471031330931226],[4.691735571839217,7.464377593351287],[4.697055195740745,7.46680716042215],[4.708714554433186,7.465260509964594],[4.709332529872427,7.487709984927903],[4.716602025163354,7.504365532643249],[4.761981582683916,7.505119346180948],[4.765719248744404,7.504206941697078],[4.778482000044335,7.52266500058937],[4.782384000121567,7.53573300067751],[4.782542999359976,7.556979000180775],[4.770215000122221,7.553451000263522],[4.761722964643127,7.552964625317259],[4.752717999935783,7.541534000194019],[4.743610999947748,7.53454600079732],[4.727703000193344,7.535045000426464],[4.723597999747938,7.538110000576125],[4.719062000111251,7.571366999987106],[4.712570999352181,7.583688000700704],[4.708309542951099,7.587335959387076],[4.704391677933643,7.595326880930884],[4.684941638046212,7.605875402427955],[4.677963571661564,7.615190331068959],[4.681296999656865,7.618322000659873],[4.668131000445385,7.631448000724674],[4.662181998600431,7.634545000551384],[4.655143999595964,7.655862000630862],[4.664828000112152,7.655468000447911],[4.6690470004188,7.658836000181338],[4.655499999825167,7.677746000777347],[4.653728999993405,7.682384000621198],[4.66289489118634,7.688552672667754],[4.645401612394551,7.703239931777489],[4.640689642413122,7.708786416859709],[4.636305862025949,7.706928509243369],[4.646277479222363,7.73654159871586],[4.636391854300712,7.7425057379495],[4.616306733868726,7.743830398853845],[4.610299643014173,7.752269564988467],[4.596685650122708,7.755050322714283],[4.599605148958517,7.751096424560387],[4.596891229746518,7.745346100941845],[4.59077465362742,7.74501103243324],[4.587731464735384,7.74051057130589],[4.601096687162453,7.735965641401265],[4.599747981084533,7.729978085620189],[4.590334652222452,7.722003173807479],[4.578119946878076,7.714567925369522],[4.579916018009897,7.700152444979381],[4.575836355963133,7.691986259058638],[4.568389117763616,7.683364954129388],[4.563281320176827,7.67341663926652],[4.563606386425647,7.668369911941909],[4.552416849757833,7.656637425776637],[4.539893427839445,7.657129932300563],[4.533798203424396,7.641434515190781],[4.532994587230462,7.635704072884721],[4.534790409250036,7.632864621804913],[4.53469833036371,7.624565257980294],[4.5281037438927,7.61772321675312],[4.527190756648167,7.613978601631231]]]}},{"type":"Feature","properties":{"lga":"Ila","state":"Osun","key":"ila"},"geometry":{"type":"Polygon","coordinates":[[[4.998952800631287,8.030323020890762],[4.995157532094481,8.029532864849898],[4.98336396037854,8.032349306775131],[4.980479557585568,8.02692833197699],[4.977073568690287,8.025906894587536],[4.97318069043655,8.021380363912726],[4.971701372220593,8.023653903105185],[4.969192027190331,8.02421665207686],[4.970716475185213,8.032603263629767],[4.968429564872565,8.037559509263986],[4.966904640237033,8.046708107393272],[4.960805415637481,8.052426337805286],[4.949749947202349,8.055476187975728],[4.939457416826372,8.0680561071037],[4.926877498597719,8.07987308457524],[4.913153648122432,8.085591315886575],[4.88723135024668,8.090929031449718],[4.877701283087788,8.091309547197909],[4.854066372165391,8.095502852974334],[4.851778984312716,8.091691017126777],[4.854828835382477,8.085972785815443],[4.857497213825411,8.072630881909731],[4.852541446630482,8.0680561071037],[4.830049992213446,8.055476187975728],[4.818613528691458,8.05356979431059],[4.808808985746168,8.061739966026664],[4.80940051392264,8.042394457038597],[4.806352909359305,8.017491039779713],[4.806973000004007,8.014586000243753],[4.811078000449413,8.01175100080809],[4.809453000155884,7.99680200031213],[4.813710352950466,7.994807098968465],[4.826537966054332,7.982892202413268],[4.846036873303092,7.986576678071287],[4.853491163086744,7.976389493380452],[4.85406402943147,7.971567448179258],[4.860290579146977,7.964882282891097],[4.861989374210282,7.960773392877854],[4.879489653324868,7.954970056922662],[4.881947642569685,7.944204532613128],[4.891204634186579,7.940862784090257],[4.893586982353384,7.93449505520266],[4.880444991443255,7.908296239180117],[4.879863139971974,7.897489730067036],[4.877260200697776,7.890540386229873],[4.872227161054695,7.883654164008533],[4.862790073902829,7.883127256617627],[4.84512943307692,7.874375353939456],[4.843560593646544,7.863239260383637],[4.853709649780569,7.855284439425361],[4.865482987649784,7.841731218221184],[4.886938662289481,7.850254149909119],[4.896238042551659,7.855418980701472],[4.907802690042161,7.865568377678528],[4.921879231241576,7.861858931444601],[4.923782825317176,7.863490582224642],[4.924486159908383,7.874394416868881],[4.927299975813298,7.880373954294612],[4.937149047790399,7.889167785165228],[4.942035197566383,7.899925709304114],[4.946279079416058,7.901821934334862],[4.934921181567347,7.914607132713058],[4.929453061609536,7.923906189219281],[4.931741209389372,7.931471592939715],[4.927458832059529,7.943375894581891],[4.922864841439321,7.951469552877597],[4.92379079960574,7.956737240031657],[4.926597440719377,7.959599252403621],[4.936678761715541,7.962725658262571],[4.939591930223457,7.967502847078777],[4.937624129050391,7.982263862287482],[4.970878388227106,7.980955108591445],[4.985014999642544,7.997513000724439],[4.998578000074701,8.008804000704117],[5.001968999969449,8.018887000734537],[5.001062588567663,8.026120312702346],[4.998952800631287,8.030323020890762]]]}},{"type":"Feature","properties":{"lga":"Efon","state":"Ekiti","key":"efon"},"geometry":{"type":"Polygon","coordinates":[[[4.887211030964352,7.689585579111224],[4.880796908750369,7.667841910975483],[4.873270034684424,7.651283264311246],[4.86386156126207,7.622681618062245],[4.868001460798837,7.616283894086507],[4.883054733189454,7.611391544384333],[4.887570857808896,7.604617596225125],[4.9022479060161,7.576392650800244],[4.912629159907851,7.546575685919208],[4.916481437368475,7.565784145422015],[4.927743655445397,7.568092205990581],[4.926183220179496,7.582782858242354],[4.927405033715388,7.58574452718824],[4.926937396143956,7.590619726819],[4.937835943673917,7.617478577774193],[4.942140946147788,7.617133275880008],[4.964132614028983,7.603083779093197],[4.985241893198861,7.609482254902218],[4.997836052192099,7.634651216780298],[5.001436426849693,7.638330444894166],[5.005695043191736,7.638139283201383],[5.009728573614836,7.641324493030993],[5.016643762099989,7.66631327213986],[5.007979330181968,7.670486216365816],[5.005984015150204,7.675715063599341],[5.002103070000715,7.678859836312427],[4.991334255071877,7.683175904044788],[4.985476373435915,7.688397944309713],[4.974097543866606,7.707360474306483],[4.978155543943274,7.739001167170159],[4.977321206908243,7.752967908342328],[4.972438112129225,7.763221689629347],[4.956197597940843,7.780982305389159],[4.940110181639625,7.805603608919455],[4.932273123306061,7.810518310371776],[4.915795803233777,7.802699492987244],[4.914290428060838,7.783000468596811],[4.909398079257983,7.766441821932574],[4.904205799358181,7.757354735632589],[4.903000354382868,7.749883175268394],[4.893228530572287,7.73033523608234],[4.887211030964352,7.689585579111224]]]}},{"type":"Feature","properties":{"lga":"Ekiti West","state":"Ekiti","key":"ekitiwest"},"geometry":{"type":"Polygon","coordinates":[[[4.946279079416058,7.901821934334862],[4.942035197566383,7.899925709304114],[4.937149047790399,7.889167785165228],[4.927299975813298,7.880373954294612],[4.924486159908383,7.874394416868881],[4.923782825317176,7.863490582224642],[4.921879231241576,7.861858931444601],[4.916396140269683,7.857159138283635],[4.914134979345874,7.850375651914874],[4.911100863713955,7.850109576695672],[4.908579349957108,7.829799175191852],[4.915795803233777,7.822114468308087],[4.915795803233777,7.802699492987244],[4.932273123306061,7.810518310371776],[4.940110181639625,7.805603608919455],[4.956197597940843,7.780982305389159],[4.972438112129225,7.763221689629347],[4.977321206908243,7.752967908342328],[4.978155543943274,7.739001167170159],[4.974097543866606,7.707360474306483],[4.985476373435915,7.688397944309713],[4.991334255071877,7.683175904044788],[5.002103070000715,7.678859836312427],[5.005984015150204,7.675715063599341],[5.007979330181968,7.670486216365816],[5.016643762099989,7.66631327213986],[5.009728573614836,7.641324493030993],[5.005695043191736,7.638139283201383],[5.001436426849693,7.638330444894166],[4.997836052192099,7.634651216780298],[4.985241893198861,7.609482254902218],[4.964132614028983,7.603083779093197],[4.942140946147788,7.617133275880008],[4.937835943673917,7.617478577774193],[4.926937396143956,7.590619726819],[4.927405033715388,7.58574452718824],[4.926183220179496,7.582782858242354],[4.927743655445397,7.568092205990581],[4.916481437368475,7.565784145422015],[4.912629159907851,7.546575685919208],[4.919433890961329,7.521453978018712],[4.94757722920582,7.54812827729819],[4.967574098266084,7.542224377353193],[4.974850691006623,7.56093876641097],[5.00229172438361,7.550077198104248],[5.001883946586929,7.546935786157633],[5.034862809071456,7.536588075179566],[5.057728904865144,7.535620443328867],[5.075525656284071,7.540501427399022],[5.076592518430004,7.543520905665332],[5.07364610738199,7.56010720108651],[5.077119049904297,7.589143879086805],[5.079694549064243,7.594860606731686],[5.082793339441139,7.615762697390608],[5.095392594892417,7.626913912147359],[5.101893425241428,7.636013029577725],[5.09777480995956,7.650873376705022],[5.107076024838705,7.673097118237479],[5.109232426435369,7.682518959182687],[5.115530935404422,7.698335003257853],[5.114948243966353,7.709401605299888],[5.102802502233715,7.736937339986298],[5.09112975263605,7.736819664595885],[5.079083840147177,7.739807832065821],[5.062037829282417,7.750554076709307],[5.047235892222716,7.753686141102605],[5.046858522303012,7.747043993085867],[5.029347999910328,7.729247999795405],[5.004688000350995,7.744872999989013],[4.992482999590834,7.760517000159496],[4.995304895004949,7.765162200874897],[4.987718802380869,7.771133680375101],[4.967706681718028,7.79857355812328],[4.967979828306454,7.80522508966618],[4.976718927336663,7.807398631441743],[4.983533265847598,7.803719176698678],[4.989815919768944,7.807477000163487],[4.989852308137586,7.811229094946839],[4.986146423218884,7.815340005736743],[4.982593934762349,7.83149890734876],[4.977080775857189,7.838128662707675],[4.961819190803055,7.84251318593482],[4.942339099170113,7.859560309260928],[4.958476507884598,7.87247296765338],[4.956185421120324,7.886569129361874],[4.947042175755882,7.902162896100833],[4.946279079416058,7.901821934334862]]]}},{"type":"Feature","properties":{"lga":"Atakunmosa East","state":"Osun","key":"atakunmosaeast"},"geometry":{"type":"Polygon","coordinates":[[[4.844862303852267,7.375388281144296],[4.847221090680819,7.382574948874833],[4.845510591840366,7.387918849974994],[4.827139712327892,7.399952546972486],[4.830584753383732,7.404028675582936],[4.832155788059197,7.414080687673618],[4.837383985082909,7.422225753915484],[4.842459889112661,7.444151246982528],[4.838792320709103,7.458071469822528],[4.849279582187023,7.47539903233951],[4.851815371782038,7.486196870189474],[4.849140868056679,7.487865139564576],[4.837038865751083,7.522087457769999],[4.843459706800104,7.527982109986453],[4.836269805107463,7.545408571848156],[4.829240221958742,7.552949852154029],[4.820941428304309,7.567811080616934],[4.802432935431682,7.565859859345096],[4.795323353090339,7.558758039951613],[4.782542999359976,7.556979000180775],[4.782384000121567,7.53573300067751],[4.778482000044335,7.52266500058937],[4.765719248744404,7.504206941697078],[4.761981582683916,7.505119346180948],[4.716602025163354,7.504365532643249],[4.709332529872427,7.487709984927903],[4.708714554433186,7.465260509964594],[4.697055195740745,7.46680716042215],[4.691735571839217,7.464377593351287],[4.679788639634069,7.471031330931226],[4.677887569955431,7.465980028755382],[4.673736476557224,7.467821816024014],[4.651275315803218,7.456778330155885],[4.653682999670764,7.451505000655288],[4.6512629995878,7.444404001443559],[4.6494049993413,7.443743000639017],[4.64573800020861,7.445188000725693],[4.648828999758564,7.436610999997697],[4.654337000152509,7.434904000419351],[4.670220999699438,7.404220000052987],[4.664698015700935,7.384617639292685],[4.669324277593375,7.382631829195589],[4.670782394292132,7.379315251797493],[4.682452103282003,7.369761811258627],[4.683270201258836,7.363223063693511],[4.687929161601573,7.351805222433143],[4.682258701378032,7.344053686028815],[4.69968061986475,7.332854355743962],[4.712247748834614,7.315739796754258],[4.733840865063939,7.307331159905175],[4.745480867647984,7.313828535058917],[4.754682872016986,7.361068429264662],[4.795955180787018,7.364520549783606],[4.806123734222979,7.370117187358346],[4.814457892817529,7.372009753947054],[4.844862303852267,7.375388281144296]]]}},{"type":"Feature","properties":{"lga":"Ukwuani","state":"Delta","key":"ukwuani"},"geometry":{"type":"Polygon","coordinates":[[[6.166832446560193,5.726475715881634],[6.172582164035703,5.732858705365004],[6.177576270228712,5.735614448448075],[6.18691808680029,5.73679431670439],[6.197464330314631,5.746904010411811],[6.203630102047612,5.749909513213538],[6.205429781259454,5.751722540163144],[6.208510177802509,5.762431155373577],[6.216491290440729,5.763359833989171],[6.243052006245136,5.773168564177922],[6.265634060163791,5.777236462193002],[6.2747101783321,5.776253222608204],[6.296907424937785,5.767223358371325],[6.304780005592818,5.775293826748737],[6.327428341344898,5.7870540623951],[6.348587989743976,5.794700623634924],[6.374627589791487,5.801497936180851],[6.377026080789051,5.815291404974403],[6.376461982834314,5.821550368954433],[6.367897510561704,5.846095561960681],[6.361889362104421,5.859463216154552],[6.344323634827958,5.888455867844073],[6.338180064658332,5.895586967364693],[6.333525180942388,5.906830788010495],[6.328780651006298,5.913917066219653],[6.321268559096779,5.922478675950174],[6.297913073829363,5.942641257687967],[6.271000861600555,5.960143089032385],[6.243769646352121,5.967384815057244],[6.233819961821837,5.948546886129918],[6.229115009250336,5.93602609742652],[6.217640876725113,5.916512012319572],[6.207487106344956,5.90602588668537],[6.201406002185308,5.896959781568739],[6.17970991088373,5.882215976686041],[6.151937007886659,5.857713222687153],[6.1208791728356,5.839725018195054],[6.123527050333166,5.823495865142092],[6.137875143623035,5.814554108385437],[6.144439601006809,5.817840619648905],[6.151820105913202,5.804926822714719],[6.153044318840273,5.798936191252267],[6.1513172697762,5.789857760027644],[6.153700814041372,5.785698754394048],[6.153580007211588,5.779131429971585],[6.156049764984687,5.772966171751477],[6.155745757260945,5.768846038413983],[6.149661244670767,5.755693228659595],[6.162654877120929,5.740603924031916],[6.166832446560193,5.726475715881634]]]}},{"type":"Feature","properties":{"lga":"Patani","state":"Delta","key":"patani"},"geometry":{"type":"MultiPolygon","coordinates":[[[[5.980889319986204,5.130557536601088],[6.004523276727866,5.103686810098282],[6.027214527228693,5.095670701241943],[6.044443130146362,5.095670701241943],[6.05496597330108,5.09716796992592],[6.062267780333855,5.103009702435884],[6.063728333296012,5.111771583991469],[6.063354014775996,5.123184203788014],[6.069569588265949,5.141344069972888],[6.08579254229204,5.1508026122508],[6.097852707236711,5.14994144394251],[6.120682715934663,5.133677482629764],[6.129725933305224,5.129266738769047],[6.143735886002389,5.134776115125646],[6.150269031690527,5.141166210152505],[6.15470743240212,5.151664257199741],[6.1659064290385,5.16113996483756],[6.178827763190782,5.16113996483756],[6.190907000957395,5.158570766327841],[6.200734137570464,5.169549941676507],[6.202291012420346,5.179281234841142],[6.198081969407383,5.203774929069766],[6.194337867798424,5.216655861179106],[6.195970558194745,5.223022590919868],[6.202086925671153,5.231778144845578],[6.213285445666827,5.238669395176487],[6.220008372588381,5.238683700692263],[6.218515873009153,5.250310421189056],[6.207356930378069,5.252053738089614],[6.203145980802447,5.251494408340307],[6.200258731655197,5.247425556144549],[6.19698000042672,5.24660587266294],[6.187352179659399,5.230408192284301],[6.175959611147164,5.234418521997213],[6.16148710294749,5.235740184561905],[6.154729842608219,5.225975989700203],[6.134345054580649,5.22233819964822],[6.111935138995534,5.215217113179278],[6.08950281140568,5.21295022986925],[6.071164131219746,5.207942962997379],[6.062648296082045,5.205967903396072],[6.049129008996601,5.199478625738038],[6.029661655361167,5.192989825620032],[6.002083301802998,5.189204215801965],[5.989916325278216,5.185959816192621],[5.988394259587437,5.184133529638757],[5.984343528730903,5.159445285971231],[5.986904144111008,5.154372214805903],[5.986678600437131,5.14397716531397],[5.980889319986204,5.130557536601088]]],[[[6.28354215574592,5.270599364868815],[6.276969105340015,5.276365666742151],[6.273196291975353,5.27471394579203],[6.269030000034547,5.261668999824508],[6.261980674968243,5.246563591036931],[6.259417534291799,5.227870941290973],[6.278995991072179,5.228888034954878],[6.290450095695405,5.234077454111286],[6.293005942870025,5.238823890610092],[6.292275428068592,5.245395183740811],[6.283834456994668,5.266500950158786],[6.28354215574592,5.270599364868815]]]]}},{"type":"Feature","properties":{"lga":"Isoko North","state":"Delta","key":"isokonorth"},"geometry":{"type":"Polygon","coordinates":[[[6.087976932589413,5.404337882687173],[6.095433235055793,5.409947871597069],[6.114377974663853,5.431602954712616],[6.126180134006006,5.442260626926441],[6.143039189307217,5.474300269841649],[6.151833018379136,5.484776382424172],[6.161713123262075,5.492330074273582],[6.171866893642289,5.502817154088461],[6.195376930101304,5.542835971602869],[6.218025208296751,5.521924973159059],[6.236443995593959,5.50890207317218],[6.246010979922858,5.508954411017328],[6.253172174356393,5.516423240140455],[6.264936923700134,5.524395943218281],[6.275774001668879,5.534194946339767],[6.285974710364655,5.551070149867599],[6.330191135112841,5.531179905328429],[6.330528258572315,5.52626943608567],[6.323650470193115,5.512146691316786],[6.318593502288365,5.493387221942783],[6.321759701349208,5.482913494362322],[6.335155963876673,5.467325210789909],[6.340514659723794,5.457338809638429],[6.350163958999531,5.43209850364309],[6.356784952263808,5.434410812608974],[6.363557330206675,5.432490783422963],[6.365808388146661,5.433070230107091],[6.367139295741936,5.435523801882027],[6.363265424659687,5.442832950979948],[6.364831548137488,5.445096799078044],[6.367884020731026,5.445405336686974],[6.371630136821409,5.44398655993183],[6.376420248895442,5.439424317178521],[6.382266997823763,5.442153931358916],[6.387166023193458,5.439205170382365],[6.391030496360372,5.439300573162996],[6.410986394106828,5.431162525230377],[6.432753533648679,5.429956603614414],[6.446191281002882,5.432733702898133],[6.453466863804749,5.439402746939265],[6.456194849312908,5.446071791879717],[6.456498116894636,5.453347372883002],[6.454678984447639,5.456378626872208],[6.445888014320474,5.46304767091334],[6.431034059574245,5.465169596999374],[6.389550180796277,5.463735747606734],[6.386764020842918,5.464531588262219],[6.384635140299508,5.471475376987087],[6.376716729293662,5.475917060224219],[6.372502817351176,5.485454167276032],[6.373387564984171,5.487899489569827],[6.382275062943847,5.491558309368543],[6.3851775538011,5.496211342279651],[6.384095639702082,5.514849351916098],[6.364812345813164,5.569474387033381],[6.35599483219579,5.587717256146504],[6.349628925334684,5.59514188808771],[6.335233212043136,5.621375084292765],[6.327727794901875,5.626860142081966],[6.32563877141223,5.6379380234211],[6.312063217343677,5.632277012374288],[6.27742195086239,5.62297391881134],[6.236637115110796,5.619166851169268],[6.220993042095245,5.619729995842704],[6.21146297493641,5.621732234754859],[6.194493770671045,5.614655018114661],[6.174163817905935,5.598536014925173],[6.163301944729028,5.594285011344255],[6.136096001329463,5.595446109850116],[6.123867988716768,5.592569827935279],[6.115060805611733,5.584867953893024],[6.112383842240547,5.575138092449038],[6.115850924780375,5.559909820981488],[6.116582870403192,5.548127174229762],[6.11118888875626,5.537680149319499],[6.10237693834506,5.53136491835636],[6.086754798894901,5.527073859870768],[6.077941895202343,5.520759106447656],[6.072535992142377,5.513085841638315],[6.057713984912539,5.481756209881212],[6.055731773002947,5.46856403410294],[6.056478977422898,5.45331287488932],[6.061984062214719,5.438796042703245],[6.080441952034505,5.416758059736708],[6.087976932589413,5.404337882687173]]]}},{"type":"Feature","properties":{"lga":"Ndokwa East","state":"Delta","key":"ndokwaeast"},"geometry":{"type":"Polygon","coordinates":[[[6.485476971185335,5.379205227339412],[6.476556778372696,5.404050827183994],[6.483125209860589,5.420644283007277],[6.499718665683929,5.426520823777025],[6.508820534140398,5.425673961883888],[6.517558098027848,5.434420108900952],[6.524530411449405,5.438663960173699],[6.534836768901812,5.4589743607782],[6.538163662423131,5.475804329306413],[6.530831336896711,5.531958579724744],[6.542584895976233,5.549243449625521],[6.555376053262307,5.55235481342396],[6.568858147085848,5.553391458349154],[6.584760188831694,5.561688422782538],[6.591673851167343,5.574479103427905],[6.601007938065948,5.5969495766617],[6.603773594375923,5.614925860640028],[6.617601394788608,5.631519318261951],[6.621345997319963,5.642564773645461],[6.606450081106402,5.670234203345842],[6.599704940031017,5.678851447836109],[6.601873333187825,5.687458521893291],[6.600627332385557,5.706621920865018],[6.639077859955307,5.739461142917435],[6.643630027603763,5.747325420132086],[6.648280593674485,5.771679867831665],[6.647247197100512,5.785312883183053],[6.650763512126446,5.817113399963489],[6.657929897446877,5.840404510859514],[6.660915851685274,5.856529237334485],[6.673549187844799,5.889146084024617],[6.686027920652066,5.904795177055803],[6.700139110931275,5.929344791129267],[6.709439321267723,5.959330717938315],[6.715875148619261,5.969895840920344],[6.716506004148812,5.980997085746935],[6.719678984997188,5.996161131231247],[6.706234931596839,5.996860980949577],[6.699407100557266,6.003046035945829],[6.683076859209734,6.004991054593518],[6.671523094415306,6.003508091425317],[6.658599853700309,6.004094123844766],[6.643623828576892,6.007435798623249],[6.632717133189203,6.013586997741811],[6.617149829900768,5.996813773736733],[6.607642173847296,5.993960857107936],[6.583160876773093,5.993756771258063],[6.566829204604176,5.996395112344601],[6.527388096283687,5.996067046856751],[6.516522883923983,5.992508888174712],[6.488647937552344,5.99089002575414],[6.479153156193263,5.985262870585075],[6.475131034569642,5.972054005188227],[6.458979129683144,5.933777809398407],[6.447514056928242,5.912183762370773],[6.44280576697264,5.900355815868238],[6.44966077822238,5.88792991643254],[6.471470833412297,5.877016067837303],[6.477623939992895,5.869439124915743],[6.476984977974382,5.860417842909158],[6.47294712091292,5.850676060951514],[6.461472988387754,5.831162930025243],[6.453359126822306,5.820693015570271],[6.443194865850444,5.812286853655394],[6.438471793738358,5.803925990592063],[6.436487197726024,5.791427134554681],[6.437953948815732,5.767167091388217],[6.436648846367234,5.75467300355632],[6.438742161421658,5.74290180157692],[6.44952773971346,5.727174282267356],[6.473159313251756,5.714345931719436],[6.475184916550688,5.702867507629435],[6.470458507953822,5.691389561079404],[6.46007013323009,5.686906814797737],[6.44952773971346,5.686663150683898],[6.434673785866551,5.683962345385964],[6.426571369073486,5.670458793738362],[6.417997837030612,5.666446209425089],[6.405072212212872,5.667726040024775],[6.391480922706478,5.665532112417111],[6.375199795134506,5.656382085265079],[6.364359856422311,5.647275925243775],[6.353500843089478,5.6423311225833],[6.340583801401351,5.6415309912623],[6.32563877141223,5.6379380234211],[6.327727794901875,5.626860142081966],[6.335233212043136,5.621375084292765],[6.349628925334684,5.59514188808771],[6.35599483219579,5.587717256146504],[6.364812345813164,5.569474387033381],[6.384095639702082,5.514849351916098],[6.3851775538011,5.496211342279651],[6.382275062943847,5.491558309368543],[6.373387564984171,5.487899489569827],[6.372502817351176,5.485454167276032],[6.376716729293662,5.475917060224219],[6.384635140299508,5.471475376987087],[6.386764020842918,5.464531588262219],[6.389550180796277,5.463735747606734],[6.431034059574245,5.465169596999374],[6.445888014320474,5.46304767091334],[6.454678984447639,5.456378626872208],[6.456498116894636,5.453347372883002],[6.456194849312908,5.446071791879717],[6.453466863804749,5.439402746939265],[6.446191281002882,5.432733702898133],[6.432753533648679,5.429956603614414],[6.410986394106828,5.431162525230377],[6.391030496360372,5.439300573162996],[6.387166023193458,5.439205170382365],[6.382266997823763,5.442153931358916],[6.376420248895442,5.439424317178521],[6.371630136821409,5.44398655993183],[6.367884020731026,5.445405336686974],[6.364831548137488,5.445096799078044],[6.363265424659687,5.442832950979948],[6.367139295741936,5.435523801882027],[6.365808388146661,5.433070230107091],[6.363557330206675,5.432490783422963],[6.356784952263808,5.434410812608974],[6.350163958999531,5.43209850364309],[6.345315721943052,5.424540164097323],[6.343780841812475,5.398732028860081],[6.341975209088673,5.394244553043734],[6.342842306627176,5.372113213254238],[6.344505198056481,5.368061885247869],[6.343369044945518,5.35695567436494],[6.339450393021252,5.346455698271882],[6.325021701590288,5.331972328060544],[6.317778226384064,5.32208019384592],[6.310642719286136,5.303543090841004],[6.325403213787354,5.306539535671106],[6.333523813073555,5.317602264333061],[6.338755193697295,5.319782362166336],[6.347552775640111,5.32045602812326],[6.3625273699422,5.314038277144846],[6.380353927591727,5.309046745710816],[6.408876895752201,5.304768561919673],[6.425990582399493,5.3111858371567],[6.434547423924528,5.323307990571379],[6.450234890128115,5.327586651003173],[6.473052979211673,5.321882247667645],[6.490166664060325,5.324021339113585],[6.493532180765555,5.326040745184287],[6.493019104048471,5.328299522005409],[6.502585887828502,5.338941097253894],[6.49587106739591,5.369657516381324],[6.485476971185335,5.379205227339412]]]}},{"type":"Feature","properties":{"lga":"Ethiope East","state":"Delta","key":"ethiopeeast"},"geometry":{"type":"Polygon","coordinates":[[[6.149661244670767,5.755693228659595],[6.155745757260945,5.768846038413983],[6.156049764984687,5.772966171751477],[6.153580007211588,5.779131429971585],[6.153700814041372,5.785698754394048],[6.1513172697762,5.789857760027644],[6.153044318840273,5.798936191252267],[6.151820105913202,5.804926822714719],[6.144439601006809,5.817840619648905],[6.137875143623035,5.814554108385437],[6.123527050333166,5.823495865142092],[6.1208791728356,5.839725018195054],[6.101854800958336,5.803205013100921],[6.093735217906044,5.794122219265034],[6.075937270388749,5.786094188995662],[6.073625564867996,5.786473273922525],[6.061857223631989,5.77513313318758],[6.03978013994157,5.76461076667357],[6.01566219325565,5.764347075557112],[6.004464625642015,5.760642052188985],[5.981730937033149,5.748114109378719],[5.958599090675534,5.750695229301414],[5.94093704241061,5.746387004556652],[5.924606800163758,5.748332024103661],[5.906148911243292,5.770370007070198],[5.890539168947555,5.763305186685045],[5.887896060554795,5.753002644156766],[5.868165969983579,5.747861862135267],[5.86009502406614,5.72768402070102],[5.858107088871122,5.715878009562516],[5.852856121013247,5.703069301107405],[5.856653680123316,5.698136552959625],[5.859580038987644,5.690231800856964],[5.874653963409742,5.688329035956315],[5.878291085265403,5.680415802347454],[5.889294162795409,5.672098150809063],[5.899454070149261,5.661867790566134],[5.906793868142529,5.657239105900089],[5.91044049583229,5.64071266665627],[5.918334007308658,5.629001140989885],[5.900899454246485,5.601868050769951],[5.901365268892107,5.599063416943181],[5.911275341883595,5.601062769031614],[5.915968738166782,5.596358802117095],[5.915786290005315,5.591215019957247],[5.917895701125758,5.588671730016358],[5.917441530901954,5.580594160592113],[5.919534946680471,5.579330595130898],[5.921359997565901,5.574010556641952],[5.919783942874687,5.565574220673795],[5.92263900528593,5.562991465783568],[5.934047547556304,5.563671621248375],[5.941494313611713,5.56210198771663],[5.954647442625401,5.566405853447407],[5.954934704972686,5.549826158150722],[5.969036191567056,5.549374816294801],[5.978481422079994,5.55473516059925],[5.98998691126701,5.557399939955303],[5.997719267830007,5.569432686369453],[6.007284818639505,5.57315049899637],[6.011416638667015,5.578511685066246],[6.016235000245103,5.591760000123941],[6.028649807442719,5.595244883844373],[6.040855884691382,5.60297489227753],[6.058454037024262,5.621844768721132],[6.059088229937913,5.632253170447484],[6.057663917855564,5.646803855813346],[6.054209231570837,5.659257888740626],[6.044614791839194,5.675821781150319],[6.041172027866821,5.685502052178038],[6.050488815406538,5.686163354255427],[6.06011580160299,5.688904595770509],[6.065060034992655,5.698029764761884],[6.069675775716519,5.715900567257449],[6.074187707696581,5.719009134164253],[6.080306607663886,5.719466296432472],[6.092120064289588,5.716907199107993],[6.097423639789213,5.722350490582699],[6.106323746243959,5.743319658075791],[6.113441149989114,5.75163399831041],[6.143838358353605,5.751374609550624],[6.149661244670767,5.755693228659595]]]}},{"type":"Feature","properties":{"lga":"Oshimili South","state":"Delta","key":"oshimilisouth"},"geometry":{"type":"Polygon","coordinates":[[[6.645172596038549,6.101227282812886],[6.646623135049708,6.098307132867944],[6.62904691718154,6.074583054164691],[6.593660831282364,6.07983589171306],[6.581424236439432,6.079041004338933],[6.572596073050363,6.076192855915622],[6.567190169990397,6.068520070444947],[6.56450986923511,6.05948305120188],[6.572084903795314,6.03804683699201],[6.572807788748491,6.028345108140286],[6.566829204604176,5.996395112344601],[6.583160876773093,5.993756771258063],[6.607642173847296,5.993960857107936],[6.617149829900768,5.996813773736733],[6.632717133189203,6.013586997741811],[6.643623828576892,6.007435798623249],[6.658599853700309,6.004094123844766],[6.671523094415306,6.003508091425317],[6.683076859209734,6.004991054593518],[6.699407100557266,6.003046035945829],[6.706234931596839,5.996860980949577],[6.719678984997188,5.996161131231247],[6.724527836290633,6.012269973880223],[6.726493835222357,6.028930187278377],[6.725514463621664,6.040748672013649],[6.720231323416897,6.045729509609203],[6.703152852422249,6.051150246986367],[6.699099557598572,6.060996256771887],[6.704537202230142,6.081095483070158],[6.713315964060541,6.087072848633113],[6.722111224853165,6.097548007934279],[6.749240875166322,6.113724232287552],[6.755330085814876,6.120709896144831],[6.757916736568177,6.134914213020579],[6.760651111759444,6.147799969093342],[6.764783858987926,6.155804634076674],[6.769402026981993,6.167984008655139],[6.767301082978634,6.181836129433862],[6.76258828472163,6.185627974251645],[6.753652095667746,6.192818164626658],[6.742698193067213,6.209370135623317],[6.731006144917728,6.239092827272202],[6.726152896838755,6.259857178665925],[6.723134636254485,6.265575642901638],[6.70581483758474,6.261802197313614],[6.687438010855544,6.188879966837021],[6.693490982422929,6.177591323980494],[6.709259509918525,6.162525176895429],[6.714019298651749,6.156132221125176],[6.699920653915115,6.119133949372326],[6.688491821140701,6.108403206342928],[6.656263351172754,6.106657505339626],[6.645172596038549,6.101227282812886]]]}},{"type":"Feature","properties":{"lga":"Isoko South","state":"Delta","key":"isokosouth"},"geometry":{"type":"Polygon","coordinates":[[[6.259417534291799,5.227870941290973],[6.261980674968243,5.246563591036931],[6.269030000034547,5.261668999824508],[6.273196291975353,5.27471394579203],[6.276969105340015,5.276365666742151],[6.28354215574592,5.270599364868815],[6.285005568552208,5.279088973977025],[6.297190666416157,5.296343802924241],[6.306432247250484,5.302983761091753],[6.310642719286136,5.303543090841004],[6.317778226384064,5.32208019384592],[6.325021701590288,5.331972328060544],[6.339450393021252,5.346455698271882],[6.343369044945518,5.35695567436494],[6.344505198056481,5.368061885247869],[6.342842306627176,5.372113213254238],[6.341975209088673,5.394244553043734],[6.343780841812475,5.398732028860081],[6.345315721943052,5.424540164097323],[6.350163958999531,5.43209850364309],[6.340514659723794,5.457338809638429],[6.335155963876673,5.467325210789909],[6.321759701349208,5.482913494362322],[6.318593502288365,5.493387221942783],[6.323650470193115,5.512146691316786],[6.330528258572315,5.52626943608567],[6.330191135112841,5.531179905328429],[6.285974710364655,5.551070149867599],[6.275774001668879,5.534194946339767],[6.264936923700134,5.524395943218281],[6.253172174356393,5.516423240140455],[6.246010979922858,5.508954411017328],[6.236443995593959,5.50890207317218],[6.218025208296751,5.521924973159059],[6.195376930101304,5.542835971602869],[6.171866893642289,5.502817154088461],[6.161713123262075,5.492330074273582],[6.151833018379136,5.484776382424172],[6.143039189307217,5.474300269841649],[6.126180134006006,5.442260626926441],[6.114377974663853,5.431602954712616],[6.095433235055793,5.409947871597069],[6.087976932589413,5.404337882687173],[6.088019848237479,5.394629002426541],[6.096314907007411,5.364184855746544],[6.094262733238622,5.333118306264851],[6.095006600274417,5.318561420972856],[6.11776399591173,5.28114604995028],[6.144433974848084,5.247386932061318],[6.151268004914527,5.239816189065948],[6.16148710294749,5.235740184561905],[6.175959611147164,5.234418521997213],[6.187352179659399,5.230408192284301],[6.19698000042672,5.24660587266294],[6.200258731655197,5.247425556144549],[6.203145980802447,5.251494408340307],[6.207356930378069,5.252053738089614],[6.218515873009153,5.250310421189056],[6.220008372588381,5.238683700692263],[6.233532906318601,5.238167763231729],[6.259417534291799,5.227870941290973]]]}},{"type":"Feature","properties":{"lga":"Aniocha North","state":"Delta","key":"aniochanorth"},"geometry":{"type":"Polygon","coordinates":[[[6.3622894291139,6.384438991866034],[6.363858222678857,6.376121045350033],[6.378266810664854,6.347114086346039],[6.391353129943013,6.309774876209644],[6.389379977803799,6.294501780732617],[6.373191832936811,6.26454782482233],[6.371198177154213,6.254128933403592],[6.375341891615051,6.239600181603123],[6.399130821330402,6.242571831225064],[6.419509887871072,6.247595786816134],[6.447338103670575,6.259616851936244],[6.462944984323599,6.267374992062287],[6.475821972006429,6.277191162342319],[6.498208045664796,6.289859771711122],[6.507008075562283,6.298947811292521],[6.517187118690629,6.303886889768194],[6.534181118164099,6.305416107767201],[6.556675910864669,6.293119906758363],[6.566888808971385,6.290431022873463],[6.581527233095358,6.291166781621712],[6.573599815379225,6.310597897075354],[6.566765785312782,6.318170070892108],[6.566042900359605,6.327871798844512],[6.572732924684772,6.352892876205317],[6.574593067116382,6.393824100002234],[6.579260826426037,6.414668082765843],[6.57093191087904,6.45274019180647],[6.570803164834217,6.481864928723553],[6.575504780021618,6.495079994046534],[6.540155888283664,6.492012024335509],[6.523318768346542,6.487541198567499],[6.520029068087069,6.483035565439025],[6.50962591210623,6.47580814403068],[6.502198218872763,6.463956833141367],[6.480507851755988,6.447825909438222],[6.466182709164741,6.440909863899151],[6.445375918763716,6.425244807901606],[6.436604023257132,6.416059017409793],[6.43126201612921,6.406817913216173],[6.412735939711922,6.396037102230537],[6.391427039826056,6.388796806127743],[6.370153904179404,6.383304119389663],[6.3622894291139,6.384438991866034]]]}},{"type":"Feature","properties":{"lga":"Aniocha South","state":"Delta","key":"aniochasouth"},"geometry":{"type":"Polygon","coordinates":[[[6.581527233095358,6.291166781621712],[6.566888808971385,6.290431022873463],[6.556675910864669,6.293119906758363],[6.534181118164099,6.305416107767201],[6.517187118690629,6.303886889768194],[6.507008075562283,6.298947811292521],[6.498208045664796,6.289859771711122],[6.475821972006429,6.277191162342319],[6.462944984323599,6.267374992062287],[6.447338103670575,6.259616851936244],[6.419509887871072,6.247595786816134],[6.399130821330402,6.242571831225064],[6.375341891615051,6.239600181603123],[6.389819144637841,6.195337771820789],[6.385787964143276,6.184208870143266],[6.376980781937561,6.176506996101011],[6.353943824847704,6.157590865725922],[6.34375190702491,6.155426979071876],[6.343791961030206,6.146410941911483],[6.347649154185149,6.120736588023192],[6.348011017094791,6.115240097152821],[6.34465885172466,6.10411596278152],[6.335867881597494,6.092947006199438],[6.327185153871824,6.057507991600573],[6.323217869309246,6.031816005604242],[6.319196224326333,6.018606186026716],[6.337645054375798,5.998649120060918],[6.345836163208389,5.991782188297407],[6.360808849149123,5.989132880877776],[6.366206169079476,5.998886107607802],[6.374277114996914,6.019063949941369],[6.38306808512408,6.030232907422771],[6.393972873948996,6.024775982225833],[6.400844097277343,6.008882999350988],[6.403610229328649,5.998504161937547],[6.411818981061174,5.987476826094678],[6.444475173990156,5.984281062720925],[6.456026077141814,5.986457824968682],[6.479153156193263,5.985262870585075],[6.488647937552344,5.99089002575414],[6.516522883923983,5.992508888174712],[6.527388096283687,5.996067046856751],[6.566829204604176,5.996395112344601],[6.572807788748491,6.028345108140286],[6.572084903795314,6.03804683699201],[6.56450986923511,6.05948305120188],[6.567190169990397,6.068520070444947],[6.572596073050363,6.076192855915622],[6.581424236439432,6.079041004338933],[6.593660831282364,6.07983589171306],[6.62904691718154,6.074583054164691],[6.646623135049708,6.098307132867944],[6.645172596038549,6.101227282812886],[6.641133784796352,6.109356879816175],[6.63157415422387,6.118292808966032],[6.619986056911046,6.124437809956987],[6.610406875976594,6.137534142286881],[6.610366821071977,6.146549226165916],[6.606887817119116,6.164550781093737],[6.610161781041427,6.193010806603468],[6.625040054355054,6.211857796200377],[6.634452820241506,6.23620891640843],[6.626245975071754,6.246541978329674],[6.607806205691872,6.264420032958185],[6.594122886761852,6.283030033209513],[6.581527233095358,6.291166781621712]]]}}]}