{"type":"FeatureCollection","features":[{"type":"Feature","properties":{"state":"Oyo","focus":false,"c":[3.5942,7.8012]},"geometry":{"type":"Polygon","coordinates":[[[4.088356017915942,7.13344621617],[4.087641715193058,7.138052463650354],[4.084511757012024,7.139930724723229],[4.080755709708285,7.140243528715928],[4.076374052620508,7.13492298031133],[4.073244094439474,7.135548591894064],[4.071053027575203,7.138991831607768],[4.072618008014729,7.146816729308682],[4.077000140843893,7.149946212647649],[4.083260058105225,7.149007318632925],[4.085450649228108,7.151198386396459],[4.080130099924247,7.158084391881232],[4.071991918891968,7.162779329602415],[4.072618008014729,7.167474270021614],[4.077626227268638,7.17780304037808],[4.078736624695523,7.190858714358228],[4.081985629733083,7.20090008027455],[4.08482503764543,7.204407215020979],[4.084511757012024,7.207849978094089],[4.094214439145105,7.228194713914945],[4.102608679646892,7.233126161643099],[4.105320928817832,7.237194059658179],[4.107489108835352,7.245866776130867],[4.111218485844518,7.251194391408092],[4.125375748392116,7.257791517564556],[4.125917910982878,7.27025794944484],[4.129712104829821,7.276762485900065],[4.128086090101021,7.288145064742992],[4.13133811955862,7.299527643585918],[4.125745426410333,7.311768290774069],[4.120832750231273,7.318263236858968],[4.110903143964947,7.326942646086309],[4.112786095002321,7.331858809836262],[4.120498536078628,7.335331805418548],[4.121119373160582,7.340220791656236],[4.118987934045947,7.343502957395629],[4.119177055176976,7.348544852662883],[4.123136135224513,7.35183334962943],[4.127019116439101,7.351956613407026],[4.13174641536483,7.358294694344693],[4.133962630870769,7.36765098640393],[4.135321138659663,7.405701159181206],[4.141436577136346,7.439674376871039],[4.136997098137613,7.446224300311258],[4.137133068436412,7.45907972674803],[4.133833487325603,7.464661389711409],[4.135520779160686,7.470775444131505],[4.149039702020673,7.477455690128068],[4.149907169180551,7.492844600298099],[4.155370159405379,7.509179003708084],[4.153250169559726,7.51638118744188],[4.153796672278645,7.568672656318086],[4.148558621383302,7.569405948226006],[4.147108470879289,7.572164045734155],[4.144220352087643,7.579142093233088],[4.144834042257287,7.587117672342742],[4.138718604679923,7.598668574595081],[4.121732234155331,7.610219477746739],[4.110181331003673,7.612257956639439],[4.093373298738811,7.621484278676576],[4.068733691306875,7.665935514612386],[4.052928923830791,7.674966810569913],[4.057183264795867,7.679524897556007],[4.074169636219779,7.681563377348027],[4.07824659310586,7.708062172131577],[4.074169636219779,7.735920428884754],[4.06193924040366,7.748830317365275],[4.061259745940561,7.754265783838889],[4.066016196390422,7.754945278301989],[4.070833206287489,7.759752273348795],[4.069413184870655,7.770573138339728],[4.072131157327078,7.796392441358137],[4.070667743621527,7.800783157316914],[4.076208114213159,7.824930189876397],[4.09114646763544,7.850165842779461],[4.090156254707438,7.860070779742728],[4.093563924435614,7.863616561954814],[4.099078177815727,7.863727093130876],[4.116613865037891,7.849240780337766],[4.147110938618994,7.849622249367371],[4.164646624941838,7.854959010749781],[4.174176693000049,7.86105871199004],[4.186375617041165,7.864870546938221],[4.197049617346011,7.865252017766466],[4.202767847758025,7.868682860325805],[4.200861454092887,7.878594398312885],[4.192093848352442,7.900704383700372],[4.191331386933996,7.910234449959944],[4.198193072052675,7.916334151200147],[4.216110228304444,7.921670912582613],[4.224877833145513,7.927008152404369],[4.230215072967269,7.927770137182108],[4.234026908814826,7.931201458180794],[4.235551834349735,7.95636129373878],[4.250800132819904,7.965510367609454],[4.265286445613015,7.970084666674097],[4.276341437407439,7.971228599820051],[4.28587150636497,7.965510367609454],[4.295395850238322,7.954551219263408],[4.307110785234613,7.944463729817301],[4.315987109117827,7.943018913192361],[4.328186034957582,7.935013293129032],[4.339691811028331,7.914562725089752],[4.34839010062268,7.904897690376174],[4.351439951692441,7.896130084635729],[4.360207557432886,7.88278770408931],[4.365925787844901,7.858008861819542],[4.365925787844901,7.851528168190441],[4.367285250713792,7.849197864689756],[4.371104130051606,7.848700920910801],[4.386129856207958,7.868682860325805],[4.390323161984384,7.878975389802463],[4.394135473573272,7.883931159695294],[4.397185326441729,7.896511077024627],[4.401092214334255,7.898409028753747],[4.407477855918387,7.898416994948434],[4.422485827658875,7.888441086187242],[4.428825854729439,7.88926792017844],[4.433019161405241,7.891555308930435],[4.439118385105417,7.906422615011707],[4.44178676624631,7.928914069428799],[4.44979238361168,7.938063144198793],[4.45817899696317,7.941493987657452],[4.495918750749809,7.943399905581202],[4.506592751054654,7.95178651803343],[4.522222518554429,7.955598829622318],[4.535564899100848,7.961317060933652],[4.549669266223702,7.970847129891183],[4.557293891200175,7.980758666978943],[4.563011644971482,8.00896835270737],[4.563011644971482,8.034128189164619],[4.559199810023244,8.048995017705977],[4.560724734658834,8.053951263340196],[4.568998335604761,8.05475616466532],[4.557268141811335,8.05866527478264],[4.533486842843558,8.071575165061859],[4.505629061831769,8.091958999808071],[4.495437144009031,8.117099761644738],[4.494078157780791,8.13340663860555],[4.494078157780791,8.166700362731603],[4.483886240857373,8.202712058414818],[4.480495623174534,8.210510320894628],[4.471919082899433,8.216350082090685],[4.461601740228161,8.227438370384561],[4.459682309091363,8.23355517043484],[4.440632344307289,8.250558799848761],[4.440625045409547,8.25396417900373],[4.417978287068365,8.273376463553006],[4.391735076912312,8.304002761618221],[4.348138807559963,8.391195295826265],[4.209143639067747,8.680658339910508],[4.213420867778893,8.682601927736812],[4.190364361226329,8.753309249422387],[4.194975852653499,8.816330910043519],[4.221106528843279,8.860906599559996],[4.257997035734661,8.900871276088594],[4.321018218815766,8.942373276205785],[4.334852218255321,8.957744597435294],[4.334852218255321,8.98080062914579],[4.325629711142312,8.994634626786649],[4.316407204029304,8.997709273064572],[4.290276526940204,8.99156093468946],[4.253385544307491,8.966966627907595],[4.210460186288628,8.970032691055906],[4.012060165144533,9.034599303315247],[3.990596574672225,9.04839725702783],[3.972095251194958,9.077638625222448],[3.944427252315904,9.148345946008646],[3.921370743964701,9.172939300408416],[3.862960575670058,9.188310621637925],[3.826070068778677,9.182162284162132],[3.795327901161784,9.16525363664607],[3.7707343102403,9.146808623319373],[3.753826140264209,9.120677947129593],[3.752289055895289,9.086861608976108],[3.743066311361247,9.04689693424615],[3.720384973188004,9.016023610401362],[3.691454540194911,8.996621755289823],[3.687058409418114,9.003429016136238],[3.673755352627495,9.004608671253209],[3.660477585672083,8.99845554668616],[3.654112545757414,9.001479268853245],[3.638431669785803,8.998915615563249],[3.617450008910851,9.003244890739154],[3.607926198335406,8.999329428710212],[3.595700863903801,8.999334614201132],[3.593255469664257,8.995438495690053],[3.594447886161049,8.989114108729211],[3.599815952943914,8.976571224582415],[3.601044979941946,8.963438058719476],[3.599984013751282,8.956908512118162],[3.524797200430498,8.928539274068271],[3.387994765246276,8.842461584434602],[3.281934498578323,8.8040332764146],[3.237358330622499,8.782514568292754],[3.197393654093901,8.796348568631572],[3.183559654654402,8.811718938378363],[3.163577315940415,8.808645245381797],[3.103630065075492,8.750234600446504],[3.051368474375636,8.72871589322392],[3.014477966584934,8.710269923917906],[2.942233799750113,8.638026232824416],[2.920714375767886,8.611895555735373],[2.88843512288264,8.608820911256089],[2.802357195827994,8.610358232146723],[2.756388662406891,8.575206047321274],[2.756388662406891,8.555276864835491],[2.752965925437138,8.535575860137897],[2.759721754955081,8.529722207114219],[2.762777326612365,8.519165033239744],[2.758333205313249,8.491109842045603],[2.752499579292191,8.461942666121217],[2.747499941369256,8.453054421724232],[2.728888511195862,8.437221520756623],[2.720833299817002,8.424444193244994],[2.709166525314913,8.338888161659384],[2.709999559232301,8.326387399059286],[2.728055474580515,8.25666617680264],[2.742777345897821,8.236944192720387],[2.75111102965036,8.21805381173408],[2.753611084683882,8.206943507137169],[2.74138879625599,8.15611075840485],[2.727499960654711,8.108331674767044],[2.708888527783358,8.008054727843444],[2.692612538038247,7.90633333391628],[2.695294280406756,7.882399847175236],[2.702925679976204,7.865038865851034],[2.712468227926422,7.851968501445242],[2.721925736883293,7.859318881761055],[2.730190080208104,7.868485796382458],[2.739832773963371,7.875178014154073],[2.749100085300768,7.887036957589544],[2.770445515648078,7.903383035998388],[2.77670269627248,7.904963491072294],[2.785321072109866,7.913203900739461],[2.79090794214784,7.922459087416996],[2.792646573580555,7.92822494412593],[2.793881230334534,7.942278475271451],[2.801683090102586,7.948571153935632],[2.812714748087217,7.951961346239159],[2.821614439055168,7.951042967558976],[2.833341644401401,7.937379244856288],[2.839510859638494,7.933510216623233],[2.844088998808274,7.933670427248444],[2.848733140122363,7.931009142657842],[2.854329486316772,7.93153145271441],[2.872087304285685,7.926813548106793],[2.878333082405902,7.926307318827753],[2.894452730409228,7.929890075766423],[2.905757091616522,7.92987614706658],[2.910186360612101,7.931596447618006],[2.924961781161301,7.930444988945112],[2.930842990311817,7.927809247798621],[2.928154785415074,7.924179501282993],[2.919910755077353,7.921533077989181],[2.907213817963395,7.913269714925434],[2.89468583918017,7.901883915610256],[2.888140203707508,7.890010398660991],[2.88616961373674,7.874302287620537],[2.880924624571833,7.857462932868089],[2.882669604318835,7.834068979100152],[2.886318990229256,7.825115881892486],[2.886250254145978,7.802376731700861],[2.887592592124463,7.791563070279494],[2.885011776172576,7.777825158904022],[2.886081747274886,7.768965791737969],[2.896347652322333,7.762724458966659],[2.917225657338236,7.75795742259703],[2.921141550142465,7.749741524851515],[2.919186638952283,7.741794962367692],[2.919995184330332,7.7297595575576],[2.91708883987809,7.720999089736267],[2.917623045267362,7.716096964403448],[2.920243916123866,7.707824807768702],[2.923451404858497,7.709105069143675],[2.932499650338627,7.714535678378923],[2.937505885688097,7.720388679394091],[2.944050081346234,7.724326146034855],[2.948623277842046,7.731664718252205],[2.955634501331247,7.73719211702263],[2.96119611301026,7.744200432104321],[2.963603290559433,7.754866537260909],[2.96895964457201,7.766146339781812],[2.969916721979189,7.777927222963001],[2.98177248271395,7.807350890930934],[2.983226904997707,7.81616785955913],[2.982203572736751,7.828058256783152],[2.985446659335935,7.845898778206106],[2.984938835558864,7.849788611355393],[2.98718139310688,7.855067406935348],[2.988377037270482,7.855830750588723],[2.991779077242654,7.854161917338672],[3.006126489745725,7.831689279436773],[3.011460937172558,7.830410706089253],[3.028440069054,7.805446266232252],[3.032663794398616,7.795670754301909],[3.029848037756778,7.791882813441134],[3.024753482687117,7.790286623828649],[3.022674099929816,7.780593739809319],[3.025165127568641,7.777724123669429],[3.025698314925364,7.768992418865082],[3.023939187943199,7.763529244279255],[3.026953050842678,7.759108000833635],[3.029837226107134,7.758522536785676],[3.02985003874835,7.755709070717103],[3.023540940262251,7.751759602623622],[3.021790470154144,7.74885661893785],[3.022075619094608,7.744103331403664],[3.015943492797987,7.735510421668664],[3.017685993114128,7.730666444700717],[3.016964351923377,7.725811378192589],[3.005475096398641,7.711689503068158],[3.007152285249788,7.708830429680631],[3.013925576903887,7.703746402074842],[3.011773552307659,7.701899602884396],[3.001320328370525,7.700118615182021],[2.996669497899063,7.697782591093755],[2.998680980043218,7.694049010653373],[3.003261881930371,7.691135364605429],[2.993360444229154,7.687800648780978],[2.989242778631365,7.682087567886981],[2.993701433874094,7.681824497302784],[2.996502288749696,7.680060639886676],[2.995822057741805,7.676543505578366],[2.992345338966288,7.674511036854938],[2.997021738062813,7.670623889081241],[2.997114279200673,7.666722835090809],[3.000966859732841,7.662045521383732],[2.99829157629523,7.641407177599206],[2.993987704269159,7.628960656709012],[2.990626533987381,7.624707942617533],[2.980359687349733,7.620989003140039],[2.972685802907506,7.611739098180863],[2.973182674740713,7.606241922926472],[2.976796644449621,7.602281486701315],[2.984490436284659,7.585173792236787],[3.003990411028667,7.562218662661223],[3.006826161398294,7.555838580685986],[3.020719287665031,7.552903647685241],[3.02217575500714,7.546378453802674],[3.030273642814393,7.544039092330308],[3.042832214734972,7.527945929361181],[3.052629312193062,7.521546774564058],[3.064471959013758,7.519765849814178],[3.068989276134232,7.507589336878425],[3.073577163955008,7.502363201100877],[3.076946018044339,7.491348739952457],[3.069245813143823,7.475731368707727],[3.069192646123781,7.470518109423267],[3.073176860423814,7.462976929841489],[3.075379607682805,7.451386449325241],[3.082635071751213,7.439048196017495],[3.0907331969795,7.436708356105783],[3.098215726374747,7.430895711268136],[3.107279777439828,7.416193005402931],[3.115294454575462,7.408086297045031],[3.140366553173919,7.395598884880656],[3.155272959979186,7.378180024088863],[3.161624669243167,7.375266548912123],[3.183035849924579,7.369993684361077],[3.198106765215073,7.36879300759125],[3.230024336853717,7.369862553314249],[3.249144314758382,7.367492196707587],[3.256644486154187,7.363416669743572],[3.257195232773825,7.360518930004673],[3.282466887337023,7.335541245831905],[3.286995885751594,7.324523446400008],[3.296212910597376,7.318126199064864],[3.306613683374849,7.314042564712622],[3.319375990409696,7.314007278912868],[3.32402849092216,7.31515216534018],[3.332924602588378,7.334242342410221],[3.343519448164045,7.349272247716101],[3.350041864940181,7.363155362729856],[3.359435318784961,7.374135013819853],[3.375807760819555,7.386832235119584],[3.380542992665028,7.396086214007596],[3.385816812296071,7.401284692934269],[3.385852336416235,7.40476035860371],[3.381323097882728,7.415778158035607],[3.384276627064708,7.42098283598915],[3.381428956181423,7.426203726021186],[3.381476163394268,7.430837628553775],[3.385004042802393,7.435461518934005],[3.396079061599437,7.440643784882809],[3.399014709561243,7.444110868321957],[3.400228022705107,7.449320791121636],[3.393082855989064,7.455832003244382],[3.411473749913682,7.471299646361615],[3.421388386964509,7.476485249694576],[3.445929525827012,7.49379348578077],[3.453482626821824,7.494930742359941],[3.452234267097822,7.486245629632151],[3.466583965677501,7.471145629367356],[3.463577270374799,7.460728643612072],[3.46064138319332,7.457261084431536],[3.459404943983031,7.449734686106922],[3.471475122878644,7.438695429750339],[3.482859610982302,7.417232035330187],[3.481013297425761,7.406811234650831],[3.473366021224933,7.39640664874787],[3.472733019912994,7.391195295126806],[3.474449634143355,7.388873574755735],[3.479096412269655,7.389439581071883],[3.483766554782733,7.392323015294949],[3.497712849868151,7.394600866736653],[3.522289276329104,7.415384290952318],[3.524662493679216,7.420590876367896],[3.53226304020717,7.426362036378919],[3.540519713214223,7.439661023737301],[3.555040120205433,7.441358087605693],[3.603786706191613,7.442960261307064],[3.65716242740416,7.443389414190165],[3.665301559919101,7.445105074239848],[3.682704687071691,7.445056436205618],[3.707092998742951,7.447305200874382],[3.706728929796327,7.411478201657701],[3.702196476186487,7.409620929862058],[3.69352116606899,7.400063395609266],[3.693458774702719,7.38797476082658],[3.719827180380094,7.387421748814688],[3.717482565967714,7.327954768297957],[3.714346646180843,7.30479431090879],[3.715483187798952,7.302474497999754],[3.718372106087884,7.301308153748323],[3.746779678639314,7.299490927864099],[3.762294529868711,7.300916194127126],[3.762460230855027,7.292158603236999],[3.759795187997554,7.281117915159712],[3.763602257438265,7.230483054149659],[3.768932342253834,7.223629950361953],[3.780353784399665,7.202690599891298],[3.77768874064293,7.192030906001548],[3.777307985675066,7.180609224636044],[3.787206649867073,7.163857935994997],[3.794440031082615,7.139492033630518],[3.792917252229472,7.132258890735272],[3.781495809184321,7.121218202657985],[3.752561567562338,7.107892989270113],[3.738475084357731,7.103324410792993],[3.727434396280387,7.096852302092088],[3.724769590844005,7.087715147835866],[3.72760057300809,7.083577632401841],[3.731213093009899,7.080647467606582],[3.739998102430548,7.081623553084569],[3.783780097073873,7.080101011652403],[3.81652140633787,7.082766055409195],[3.938920974123732,7.083908081093114],[3.953388214094844,7.088095663584056],[3.960240840342578,7.092283725413665],[3.965570926057467,7.10979652309112],[3.997550963706033,7.126167295983976],[4.005546092278394,7.128451345553231],[4.019251346572446,7.124644277911159],[4.045901775146831,7.138350009745182],[4.057703494720556,7.137207984061263],[4.069125174287421,7.132258891634592],[4.085114954791379,7.131877898346374],[4.088356017915942,7.13344621617]]]}},{"type":"Feature","properties":{"state":"Bayelsa","focus":false,"c":[6.1323,4.8911]},"geometry":{"type":"Polygon","coordinates":[[[5.448385217803605,5.133690560570983],[5.437777519117276,5.132222175413119],[5.431518124362015,5.139274178660457],[5.414443970113155,5.136110306145781],[5.401666640802887,5.137221336695404],[5.395533422729329,5.133222601042235],[5.375165237086094,5.126203191024501],[5.377068805081365,5.119421727230986],[5.390378344185308,5.095565467072674],[5.423665934035682,5.024384467968844],[5.441749838084604,4.97584346340517],[5.438282576579695,4.970586295621104],[5.436325147287789,4.959657270966318],[5.443716997141735,4.932985966429271],[5.443821265439112,4.923274238915042],[5.483479872997805,4.844878387327753],[5.527283681596657,4.772491633881828],[5.532057474572866,4.751592786178207],[5.54179731939081,4.730483433263885],[5.635780198197665,4.59816545127461],[5.659396827701471,4.567221391254236],[5.687408884712283,4.53469309990669],[5.700087545803626,4.517220569373819],[5.834063115020797,4.414793988252029],[5.843041145932204,4.402372692445851],[5.910144042413663,4.359874960261266],[5.963935929399668,4.334354725889909],[5.978099031245335,4.320719682567358],[5.977303713995241,4.312175731924526],[6.008985828733046,4.301535163916753],[6.057777405103195,4.288055420021692],[6.072630654780937,4.286642077869658],[6.083979009923439,4.27942605177094],[6.084441328904234,4.272252837898179],[6.087868400606226,4.270203986225056],[6.11835802600217,4.272176905439892],[6.136507362924533,4.274852065670359],[6.220457301563272,4.279085286956501],[6.222492853162692,4.284280786429179],[6.220974897373651,4.292638115156933],[6.214999199153795,4.305832862996283],[6.214972693435129,4.33618440108927],[6.22136740827932,4.356531220639397],[6.231067346580801,4.377272596153432],[6.236991423715267,4.384929413261887],[6.239029157969298,4.391265488711383],[6.239262546429416,4.399723080156093],[6.241940398330769,4.400509949174875],[6.246530181023104,4.400473165104529],[6.240843268602021,4.360469467891676],[6.247125045684356,4.359278745717575],[6.252181401150779,4.363740235623425],[6.25470957798467,4.378017001883165],[6.270473507246606,4.39140146980202],[6.281947218889115,4.375349252066371],[6.270555496638906,4.368055343779133],[6.259974136397318,4.358074144306386],[6.252252970098539,4.335219551740977],[6.241578742265176,4.319129941993253],[6.235656043791437,4.306186031260381],[6.233514528672629,4.298809701906293],[6.23922523625572,4.29262310277403],[6.25492967806224,4.289767749881776],[6.273706570002275,4.291079650305676],[6.411801655621957,4.3055486592433],[6.418063756437277,4.308352078085989],[6.430705290816547,4.310210736636236],[6.440869933100998,4.301070330431457],[6.452577190584918,4.299035374183234],[6.458582159938771,4.3102426607702],[6.464568498937126,4.315189574139595],[6.472679737180158,4.316049005856996],[6.493610382213433,4.322221756329043],[6.549243264165341,4.325280383882671],[6.548027039016688,4.343715190803437],[6.544572830271932,4.354928017214263],[6.520407198833198,4.360930919926034],[6.514143944187708,4.368941783936236],[6.512063979569064,4.380130768420258],[6.512575149723432,4.431702136644333],[6.525196075238739,4.469583035428798],[6.531782149626565,4.478759766150347],[6.534255028047141,4.488474846337112],[6.53998517987219,4.500919818594809],[6.549862385340873,4.510221481336316],[6.542593955746497,4.521851062576502],[6.545016766210836,4.533480168075357],[6.560038090185742,4.541233063355264],[6.566337109070389,4.553831576865832],[6.560038090185742,4.55431652099071],[6.551316260836813,4.558192730310282],[6.543078423230668,4.568368435155207],[6.540171146181478,4.576605797019965],[6.545501231896367,4.580966948665775],[6.548893452171114,4.586297035279983],[6.538109778643445,4.596213818113256],[6.535140990664217,4.608811854983173],[6.51661777499038,4.622614861087015],[6.515436171941815,4.632859230069471],[6.511964797837209,4.643144130597193],[6.546593188724728,4.682030200733209],[6.553585051608877,4.688412189271162],[6.562364101222329,4.692440034180265],[6.56052255587133,4.697745322888409],[6.567574978202742,4.70164108256995],[6.573121071180537,4.701622008848688],[6.574090480990947,4.709374905027914],[6.578935622580957,4.715189457327654],[6.593472480870332,4.722457886022653],[6.607241153556458,4.746353148878768],[6.598309994410783,4.752677917152198],[6.579172134386567,4.758128165782296],[6.55261182777366,4.758596897828625],[6.537438869108598,4.755611896871585],[6.527311802297902,4.753003120097958],[6.517581939954596,4.747134209176465],[6.498985766779754,4.732592106040897],[6.478478909274315,4.713901996879713],[6.461060046683883,4.713280201120426],[6.459428787108891,4.723997116174019],[6.445941925079808,4.730044841995891],[6.441421986435557,4.745329857087256],[6.444090843317838,4.760978221667642],[6.444660187018087,4.775567055375348],[6.429982184630148,4.765873908753917],[6.422863959803976,4.777152061018853],[6.402275085027213,4.82723712869057],[6.399279117737137,4.83844184861249],[6.398394108401419,4.864480018737936],[6.400884151282582,4.875123978089164],[6.406606196618725,4.887104034123922],[6.414566040290595,4.896256923818044],[6.420719146871193,4.906836987237227],[6.425559997795688,4.920691012780082],[6.433986186713184,4.93030118884883],[6.44064092613786,4.943194866150179],[6.440402031128883,4.954815865160072],[6.437415122709808,4.966485977046261],[6.410391808235431,4.991127015299583],[6.411561012330878,5.004581928013636],[6.425769806031781,5.0294241922727],[6.429607867908828,5.038650035870489],[6.439036845873773,5.052887917243652],[6.443903922827815,5.068137168995179],[6.46049881037186,5.098048210156833],[6.472980975891346,5.128497124142996],[6.485816002106844,5.153363227630905],[6.493334769683941,5.163454056259752],[6.511361121618506,5.171964169011233],[6.526298522658749,5.174164772286474],[6.534568309579868,5.18684530306831],[6.544492244721368,5.186294078908645],[6.553380965759004,5.189809800382022],[6.558826447082936,5.198422908890166],[6.549230098989938,5.212652206234395],[6.552762031642487,5.226540565194966],[6.566636085986602,5.236972809747442],[6.547786235646299,5.257751942398272],[6.537384987127496,5.264905930564282],[6.532513141967968,5.273820876732145],[6.530881882393032,5.284537791785738],[6.548624038668493,5.302347183176039],[6.56315994277719,5.320212840650129],[6.567076206102058,5.333620071309269],[6.569632053276678,5.372142791956321],[6.561977863087975,5.379249096268836],[6.540015220825808,5.380566120130368],[6.485476971185335,5.379205227339412],[6.49587106739591,5.369657516381324],[6.502585887828502,5.338941097253894],[6.493019104048471,5.328299522005409],[6.493532180765555,5.326040745184287],[6.490166664060325,5.324021339113585],[6.473052979211673,5.321882247667645],[6.450234890128115,5.327586651003173],[6.434547423924528,5.323307990571379],[6.425990582399493,5.3111858371567],[6.408876895752201,5.304768561919673],[6.380353927591727,5.309046745710816],[6.3625273699422,5.314038277144846],[6.347552775640111,5.32045602812326],[6.338755193697295,5.319782362166336],[6.333523813073555,5.317602264333061],[6.325403213787354,5.306539535671106],[6.306432247250484,5.302983761091753],[6.300047873710469,5.299026488681534],[6.285005568552208,5.279088973977025],[6.28354215574592,5.274990559266939],[6.283834456994668,5.266500950158786],[6.292275428068592,5.245395183740811],[6.293005942870025,5.238823890610092],[6.290450095695405,5.234077454111286],[6.278995991072179,5.228888034954878],[6.259417534291799,5.227870941290973],[6.233532906318601,5.238167763231729],[6.213285445666827,5.238669395176487],[6.202086925671153,5.231778144845578],[6.195970558194745,5.223022590919868],[6.194337867798424,5.216655861179106],[6.198081969407383,5.203774929069766],[6.202291012420346,5.179281234841142],[6.200734137570464,5.169549941676507],[6.190907000957395,5.158570766327841],[6.178827763190782,5.16113996483756],[6.1659064290385,5.16113996483756],[6.15470743240212,5.151664257199741],[6.150269031690527,5.141166210152505],[6.143735886002389,5.134776115125646],[6.129725933305224,5.129266738769047],[6.120682715934663,5.133677482629764],[6.097852707236711,5.14994144394251],[6.08579254229204,5.1508026122508],[6.069569588265949,5.141344069972888],[6.063354014775996,5.123184203788014],[6.063728333296012,5.111771583991469],[6.062267780333855,5.103009702435884],[6.05496597330108,5.09716796992592],[6.044443130146362,5.095670701241943],[6.027214527228693,5.095670701241943],[6.004523276727866,5.103686810098282],[5.964244842925211,5.149107455844444],[5.960538863577767,5.157218455767179],[5.94605207414395,5.164227961551205],[5.93320083495064,5.164695262776206],[5.927826404564939,5.16072320910888],[5.926891803913691,5.139927864379501],[5.921751499432219,5.135020733420163],[5.917545318961345,5.134086131869537],[5.916377068147199,5.131515980078461],[5.914507865945325,5.108150005118716],[5.909367560564533,5.104878901939799],[5.896516323169806,5.104411601614174],[5.885300636015586,5.099972247621167],[5.88273048422451,5.101841449823098],[5.880772745565821,5.1095089913469],[5.877645015904818,5.105258465305951],[5.877645015904818,5.09138965580803],[5.871701240919606,5.081235408787109],[5.867738723663194,5.068109512144304],[5.865062146101195,5.069528997565214],[5.863081931585896,5.074440001904634],[5.857383250636531,5.077362536851638],[5.853145599290031,5.075462817954758],[5.851976395194527,5.070202827198784],[5.848323822086741,5.066549778349668],[5.840871333645168,5.067572594399735],[5.83951091839424,5.074536323792358],[5.840140819743112,5.083061217801003],[5.835319041640503,5.082476616202939],[5.820268630892656,5.075170516706009],[5.817346095945595,5.077362536851638],[5.8141312597499,5.084522247403868],[5.809017181297918,5.086421967200067],[5.803610801597245,5.081892490346206],[5.791336535952439,5.085837363803364],[5.789144993346838,5.084376335099819],[5.789875507248894,5.078677654150454],[5.788122177296714,5.072540759648405],[5.780443191899849,5.064958571880652],[5.77901887891818,5.058013916209291],[5.775635719313073,5.057479858308852],[5.773499011969875,5.061219215094752],[5.76423978823567,5.064246178418443],[5.75836372410663,5.061040877734342],[5.751953602077094,5.053740500623633],[5.748570441572667,5.053206443622514],[5.743050574624363,5.055699348146447],[5.736462116133794,5.056589603227678],[5.730586052004753,5.0544528967838],[5.719368458287761,5.030948640267582],[5.710287094373939,5.023826122077935],[5.702096461282736,5.022935866996704],[5.691234589005148,5.02418232015799],[5.675565243241408,5.029880046926678],[5.666662215788676,5.028277874124626],[5.663456916903215,5.024004459438288],[5.663635254263625,5.015100956244169],[5.66180896770976,5.012883663350408],[5.647893429438284,5.011776447724912],[5.642328739379877,5.015602112447596],[5.632938861239495,5.0183839799368],[5.625288010233533,5.026035309382053],[5.619723319275806,5.034729480980786],[5.611029147677073,5.038902759754592],[5.590857982809723,5.043424129220227],[5.585641384342466,5.047945022944475],[5.584598063749695,5.055248259899315],[5.550863742867477,5.055596352389784],[5.533127308078861,5.062899590243944],[5.524085043989658,5.068811892554834],[5.511565207668241,5.088287353578551],[5.50287056032812,5.092460632352356],[5.476113635835645,5.090885780054748],[5.467934542844944,5.093236976605226],[5.464647294137364,5.09757213784394],[5.469233798800815,5.116826958297509],[5.466032858030019,5.121584228029747],[5.461587865287811,5.124747034847815],[5.454650120007102,5.126679773252988],[5.448385217803605,5.133690560570983]]]}},{"type":"Feature","properties":{"state":"Ondo","focus":false,"c":[5.2111,6.8694]},"geometry":{"type":"Polygon","coordinates":[[[4.483238448395753,6.326054181755126],[4.560863753659362,6.276253068724202],[4.615154204103305,6.234951751422216],[4.692079130847276,6.160641007276695],[4.749585168420822,6.120868693935108],[4.790320092698153,6.08046562039209],[4.803717904757548,6.063761629795408],[4.848035365639646,6.028069715045376],[4.853775279605543,6.024807513356109],[4.870080385801202,6.00483514182838],[4.907331081064569,5.968303773800187],[4.948610305621173,5.92444419734187],[4.97678403015891,5.887738748444519],[4.982781399342173,5.895736850175524],[4.985486394581471,5.89596496591048],[4.984384690900811,5.899277939725209],[5.018107941128619,5.950521048207861],[5.034234849358882,5.988736798764307],[5.075929641639675,6.078048705883134],[5.092163041291371,6.108929484208375],[5.101120948972664,6.124878883353858],[5.119040489327176,6.149993420060355],[5.126955985630275,6.163946629133704],[5.134438283899726,6.169372793020045],[5.133446216569666,6.172210692769283],[5.137675762326637,6.173091888080194],[5.137146950171655,6.176264286167907],[5.132036209103831,6.180846214181486],[5.135737419346469,6.182256221647378],[5.135913371704817,6.18666219730261],[5.128687382017119,6.189658642132656],[5.127111911885265,6.197025299278209],[5.12239503880005,6.201276301959808],[5.122467995401735,6.205872058848513],[5.119923592100122,6.207008838786919],[5.115489959594015,6.206108569754747],[5.112825870917277,6.19547414771381],[5.109939575051385,6.195427894681643],[5.103156089581944,6.20217609435133],[5.099816798906204,6.20217609435133],[5.098225594235828,6.198143482136061],[5.095841407854721,6.197087765288188],[5.089201927227236,6.201057433953451],[5.086137772440281,6.207841872704307],[5.087235928295513,6.214525699801243],[5.081807613230808,6.218033313886394],[5.075622559133819,6.213434218714269],[5.07454586020333,6.217686175576603],[5.077929973989171,6.220148087664143],[5.078811169300081,6.222615719439943],[5.072933674349656,6.231186389840047],[5.073347569334885,6.239534854849694],[5.063478468556525,6.248346806160214],[5.053448200274261,6.246833323599049],[5.049714088334554,6.251429558027723],[5.04796886397196,6.264913559313356],[5.037746906094867,6.277426719967195],[5.029640197736967,6.279189109689696],[5.021533011839097,6.285357475067485],[5.015618801166795,6.292353152875762],[5.012897014685507,6.302100182377558],[5.015364647360627,6.30897378890927],[5.021523476327445,6.318678856044414],[5.030136108194881,6.323132992193905],[5.035301207884459,6.328475951703865],[5.034945010703723,6.332928657931291],[5.028711318572562,6.341834068587445],[5.027820586850623,6.345218182373287],[5.02924537737232,6.363563060686772],[5.032392979352551,6.364906788117821],[5.039219378671419,6.36409711858721],[5.043849944719227,6.366590977291821],[5.047234057605749,6.372112274162191],[5.049193381769214,6.382441997800015],[5.052824974592966,6.384150982182121],[5.066113472258962,6.37656450284959],[5.075731277276645,6.377276897211061],[5.086036204807044,6.389211655293707],[5.098885058998349,6.397403239867685],[5.103693484866483,6.402212143275847],[5.109536968356451,6.413777578572422],[5.103659474305346,6.421257723864926],[5.104371867767554,6.430875528882609],[5.107399784372603,6.432478655865339],[5.107577644192986,6.434972037029922],[5.102590880964442,6.437821617173938],[5.102768742583464,6.441383590780163],[5.114023685145014,6.453328132587274],[5.117407798930799,6.459027765918734],[5.123463631241634,6.462768078683951],[5.133615494159756,6.472563744421336],[5.135752678143604,6.477016448850065],[5.139492989110181,6.480044364555852],[5.145370483161344,6.488771438750973],[5.147329807324809,6.489305496651411],[5.153385162095617,6.498033046587864],[5.153741360175673,6.501060486552262],[5.150179385670185,6.504622935899818],[5.150357246389831,6.51174688311221],[5.154809951717937,6.518871307864629],[5.155166148898729,6.533119678030744],[5.160331250386946,6.539175510341579],[5.162290572751772,6.546477794914324],[5.160687446668362,6.549861907800846],[5.164249896915237,6.554492473848654],[5.161934377369676,6.559301376357496],[5.162112236290739,6.561973094882489],[5.154583454762701,6.56780004523597],[5.147155763327874,6.56960534970716],[5.140639782100322,6.574186325338701],[5.136910440164741,6.577858925449107],[5.132228375339309,6.586143493627389],[5.128054143284146,6.588160992236055],[5.127551078719364,6.593504429286043],[5.114416598946946,6.621132374159799],[5.111583710220089,6.630350113067323],[5.112367152821889,6.656208515011031],[5.117775918423945,6.683939455641394],[5.122350215689949,6.695045471371429],[5.122329711147302,6.698738574225843],[5.126022815800354,6.70152902574398],[5.140693664980688,6.731158257147911],[5.150810717840386,6.745987890628726],[5.166505813892229,6.758078574966305],[5.19053554517933,6.772061825892592],[5.197015762167723,6.773944855170953],[5.202527521727802,6.783208847110643],[5.202496529291466,6.788748741061625],[5.208868503878421,6.810784644795547],[5.254822253344344,6.882708581036241],[5.272408009422122,6.888345749256985],[5.537059784381597,6.884796618868904],[5.555240153310478,6.883038998251209],[5.561751366332544,6.879381657837314],[5.570152283401228,6.869271277947178],[5.572089194660634,6.854508399343217],[5.571213244195917,6.845269680151659],[5.563836574898062,6.837841987817512],[5.553647993560105,6.835938930637212],[5.549027442362615,6.833143234272882],[5.54351091369773,6.824802399111491],[5.543577670373224,6.812798976891315],[5.545835018171601,6.804292202423255],[5.555774688750944,6.787012575569975],[5.561419962561274,6.772269725767273],[5.56321620906084,6.762380123144226],[5.561532974067575,6.751956462620683],[5.562521934239896,6.74088191956497],[5.561655997726177,6.72979641017622],[5.564489364892324,6.720578670369378],[5.576634883593044,6.704025745192041],[5.582198142830066,6.704056263685686],[5.589559077589399,6.714253902095948],[5.605238913944788,6.729115009150405],[5.620002270088719,6.74212360542009],[5.629253387334018,6.745868206152863],[5.640374659163228,6.746853352300434],[5.654348850319252,6.734927177347402],[5.667370796125397,6.727612018979528],[5.702557562581489,6.736117364424899],[5.714492798204105,6.757421016766557],[5.726479529906442,6.769490719021519],[5.757921218989111,6.784439087294118],[5.767152308332413,6.791876792679886],[5.770835399933787,6.796514034395216],[5.778134822863819,6.81779193824741],[5.777176856027154,6.823326588251518],[5.769666671579671,6.839905738559025],[5.771480083439144,6.847302436658197],[5.77422571184718,6.853781222825205],[5.778835771553645,6.858423710286047],[5.787108421016853,6.871396542316631],[5.787907599955815,6.894484996385529],[5.789725780020774,6.900958537706401],[5.797993658580538,6.914855002256616],[5.799811840444136,6.921328545376127],[5.792204379928251,6.955450535214084],[5.785642146567852,6.96834135087272],[5.788356780740912,6.98036003099071],[5.789217472408495,6.992368698057021],[5.793781280881433,7.005321026444278],[5.79400920865811,7.015619754947807],[5.792581080752313,7.021655082715938],[5.796177864416961,7.024290562159763],[5.804257870104664,7.048537253991128],[5.809593200665745,7.05124521339593],[5.815583228683124,7.07159805300779],[5.823740959177997,7.08144092595802],[5.829487800621564,7.081976891320551],[5.849707126882436,7.09230518323767],[5.854922771169015,7.096343040299132],[5.850976944430499,7.102203845631038],[5.843033791276468,7.109847068587385],[5.842559812585307,7.118010997209808],[5.844311236874148,7.120328903556128],[5.860455036171004,7.126026153684109],[5.862779139745555,7.128338813385596],[5.867528915427158,7.141123773443439],[5.868175030653163,7.14694786125483],[5.871696947556131,7.153330803074141],[5.872960090335937,7.162648201253546],[5.882308960290345,7.175979137027582],[5.893875121339818,7.182878969588842],[5.893909929599602,7.185792922305552],[5.883665084875815,7.192872047307162],[5.884325027178306,7.199862003628596],[5.903481007642426,7.217193126561597],[5.904098987578266,7.22068500520885],[5.897339821575542,7.23123312021238],[5.898660182821232,7.245212077775193],[5.895890235845741,7.253396033400293],[5.896522044656706,7.258053779658269],[5.904650210838611,7.265564919185692],[5.907061099889916,7.274871825874129],[5.923961163377044,7.296279906592474],[5.92404413213103,7.302131176412729],[5.916209221378494,7.318517208102719],[5.918569087393507,7.323742867239559],[5.917542933959282,7.333662033276255],[5.919308186223873,7.337144852153244],[5.95044803584824,7.344475269318252],[5.957695006719234,7.344322205605351],[5.97856617059233,7.347735881905464],[5.986694813414942,7.355247973814983],[5.986794949327475,7.363408089311918],[5.978241920028609,7.368141173576362],[5.974884985553672,7.375164031594807],[5.974970817749067,7.382157802840368],[5.979677200242634,7.391446114246833],[5.975708960600116,7.395558833573375],[5.974051953434923,7.400818825228669],[5.974661826881857,7.403728007941254],[5.970127105181803,7.408429145588627],[5.968483924193777,7.414854050673966],[5.971411228245643,7.419494152233369],[5.975586891122191,7.432283877798795],[5.981406213426055,7.438648224336134],[5.987182139843924,7.441515923121415],[5.986714840417619,7.450263977600514],[5.984490870956961,7.456110001675313],[5.971339226723956,7.460299014987584],[5.963303089066358,7.460363865100362],[5.95325803772829,7.483763218397883],[5.948134898606725,7.487301826717953],[5.948815822991889,7.496039867246111],[5.952970982225111,7.507081985245463],[5.954218864409086,7.515233040972134],[5.962800026300215,7.512831210791774],[5.965109825258253,7.513978003781915],[5.967428207345961,7.51570701606596],[5.975643158105299,7.53021287922104],[5.987115859809137,7.529537200581387],[5.99454879788874,7.527143955329336],[6.004125594720449,7.529235839562375],[6.004090308920695,7.535572052608188],[5.996539116287238,7.559537411322538],[5.981575966757532,7.582538605072614],[5.975945949945697,7.594511032158437],[5.972216606211475,7.59818410890955],[5.968466759733246,7.605549811874369],[5.937628268429876,7.648777007552894],[5.935671329268473,7.667233466551295],[5.929021834689991,7.69582128482449],[5.923391818777475,7.707793236168982],[5.921491145699861,7.716093063144399],[5.926039695375664,7.73181533760777],[5.930624485032013,7.741074562241295],[5.930603979590046,7.744768144434374],[5.92873907075159,7.746604443140598],[5.919446945320317,7.750246048116651],[5.889812945710901,7.74361848800288],[5.850026130801325,7.728624344238142],[5.842608452418176,7.728582859411461],[5.827743052899621,7.734040736990494],[5.822185040307431,7.733086586876539],[5.816439152145222,7.727849007225927],[5.801024436828357,7.733303547420803],[5.780241965894049,7.745772839145275],[5.773028373360773,7.747318744964161],[5.767605781581608,7.737181187561816],[5.716454983111021,7.700992584440257],[5.699404240013735,7.682898045008812],[5.694880962186687,7.671763420045863],[5.691401004952468,7.638010502083034],[5.688617229101908,7.632442951281234],[5.68096208743043,7.623744010577695],[5.67574262642114,7.623744010577695],[5.659388065606777,7.628963469788346],[5.655056475575918,7.628722667317277],[5.64297866863069,7.612056732432279],[5.624599456899489,7.582407951565756],[5.618211745075996,7.563905238635925],[5.612797737325764,7.537097931424455],[5.613771438701008,7.528792857804206],[5.610309124366665,7.484452248372634],[5.607496738383816,7.480200290610981],[5.599372863766689,7.450227260979375],[5.588349341948629,7.431698798660705],[5.575445651595601,7.417777061362358],[5.552476882901885,7.379792212640552],[5.546641575148612,7.373566698944046],[5.53683805473247,7.357544898977949],[5.533149719184223,7.353830814040862],[5.521214485360247,7.332527637440592],[5.504433632406233,7.316193105427544],[5.481499671972358,7.304606438036728],[5.473170279784654,7.301790237129808],[5.458335399659006,7.301708221657179],[5.412964820969762,7.290376663152529],[5.404620170884243,7.290330410120362],[5.388226031805971,7.28318691344532],[5.358230114428295,7.295613290421045],[5.354439258864772,7.310366154174744],[5.355233192058222,7.334378241662591],[5.354249476732036,7.344529629738645],[5.346626281677629,7.381421565652772],[5.34004831198007,7.397082329186219],[5.328809260439073,7.417334079604132],[5.320331097002565,7.441294670112995],[5.314757823814546,7.443110466075211],[5.294395447791715,7.436533928098356],[5.27956581161294,7.435528278307459],[5.264667217218346,7.438435669570538],[5.245270251720797,7.433491706876794],[5.217449664870173,7.434260845761457],[5.199147036706449,7.437373640381225],[5.192399979175718,7.436892032741184],[5.187743663739127,7.440559863746785],[5.181248187054223,7.441447258084565],[5.167345524376515,7.440446854039124],[5.126518726258269,7.445760726776143],[5.095885753424852,7.452054976555985],[5.078227995825387,7.459343909793631],[5.06524228999973,7.460195065050243],[5.048568248625827,7.457332611111156],[5.019958973427947,7.433166503931034],[5.008897818579499,7.425555032438865],[5.004573458198593,7.413932547748914],[5.00413889769203,7.404258857060654],[5.006279945163385,7.392001629071956],[4.989670277261553,7.377597331751531],[4.974850655033777,7.374745369303412],[4.957239151365798,7.373723984074672],[4.943352222327235,7.369954108795127],[4.919224738331081,7.373513699197929],[4.909025668200059,7.373456954674793],[4.878397465370767,7.378827571934949],[4.860786438343496,7.377806664246179],[4.814457892817529,7.372009753947054],[4.806123734222979,7.370117187358346],[4.795955180787018,7.364520549783606],[4.754682872016986,7.361068429264662],[4.745480867647984,7.313828535058917],[4.734695399073473,7.28397389308077],[4.742917504838999,7.242585045663361],[4.741960627081312,7.240133225767806],[4.743928833848656,7.237617637643893],[4.746673106978335,7.222973347242203],[4.736561774706161,7.207220077644536],[4.72641897065904,7.197007178638444],[4.720866202912987,7.195129395105539],[4.715431689720731,7.172015189849162],[4.708982467866633,7.164592743260528],[4.703434467426803,7.161791801150741],[4.683927534628083,7.168147086119177],[4.671884535942638,7.166234015887198],[4.668217181577688,7.158826828095698],[4.671987055957914,7.147767067196469],[4.674789427989765,7.14408922223987],[4.672955513386285,7.140385627894489],[4.652644634342437,7.124576092212919],[4.635089873399011,7.113398551601904],[4.626796722091115,7.104118824224429],[4.613949776261222,7.080040454903099],[4.61229562804084,7.044020176090328],[4.609585762073323,7.031077861654069],[4.602209567617479,7.023650169319922],[4.584784031158165,7.013978958062523],[4.572642325582933,7.005019187885239],[4.564349174275037,6.995739937148414],[4.561608789813874,6.988337516663137],[4.556210040860719,6.958760261576856],[4.557522297416142,6.889515400315531],[4.552041531191776,6.874711036884889],[4.546685124119222,6.841302612325762],[4.537437438686879,6.833078860800811],[4.518897650306371,6.821664543084239],[4.505937216329528,6.817898960268849],[4.480053063198341,6.803905219650233],[4.457888241649073,6.788085194276334],[4.448662397151963,6.779723853672976],[4.429247972216217,6.769459456788525],[4.421871776861053,6.762031765353754],[4.417323228983889,6.746309489991006],[4.414567109984205,6.74167749312187],[4.407206175224871,6.731479377171581],[4.389735221203523,6.715917110086593],[4.389039039819863,6.674362183068354],[4.387210369163256,6.669734955303966],[4.376120088871062,6.663210390946858],[4.377055167961657,6.645117283236061],[4.382769585248184,6.634622573572983],[4.387431622171675,6.630032063329111],[4.403224468234669,6.6245789530563],[4.426470756020649,6.612704276880947],[4.454317092260055,6.607318399924281],[4.458051681739789,6.602722168193566],[4.465224742727742,6.582136630800903],[4.464685916621818,6.576904774435832],[4.475064753135882,6.544644832692939],[4.491026877688284,6.508722303891261],[4.496610640568633,6.505059718631173],[4.499382019264829,6.506921769424196],[4.503899573806336,6.528183936939172],[4.512100696589926,6.554083347068854],[4.518534183905501,6.564276218173006],[4.528610228579225,6.586492537600577],[4.532298086587502,6.590206623436984],[4.537799834894486,6.601317405573866],[4.564508437014808,6.633782863088697],[4.567274569965491,6.63656854640135],[4.578370094204558,6.642169952181575],[4.586719511596243,6.6412930484355],[4.592308521121424,6.636706827957767],[4.596985339302023,6.629345893198433],[4.600756167862926,6.618286609839231],[4.600807189999841,6.609053134594546],[4.598113060369485,6.593341350722824],[4.589912415125923,6.567441463053115],[4.58824872959525,6.532358645635043],[4.597601891114437,6.518546104019549],[4.604174613267844,6.503808974804372],[4.606054306061424,6.499202250683368],[4.605220794604008,6.492155074996788],[4.603319168245093,6.490877150959818],[4.564331054734453,6.498971462163297],[4.566236972658203,6.489748000869611],[4.56630897507921,6.476821422770513],[4.559962273240387,6.45093250323248],[4.556299686181603,6.44260168022339],[4.542505263207374,6.422211169809714],[4.535164832091368,6.408320426746343],[4.531466006850792,6.406453132905824],[4.523116588559787,6.40733003575258],[4.520026206844022,6.411092757824576],[4.516804217440722,6.410594463263919],[4.512881279347596,6.413736820398015],[4.503599166968002,6.415532111817527],[4.479822635306448,6.409049988266418],[4.478621482795234,6.405237199137503],[4.475855827384578,6.402451514925531],[4.473125457773733,6.393202781782975],[4.474683284106334,6.388328074081414],[4.482433318642791,6.386790752291461],[4.50463962591806,6.395224095315768],[4.514828203658737,6.397127150697486],[4.546409130277198,6.387795787845391],[4.555455685031859,6.386387212100203],[4.560848235857463,6.38321481401249],[4.575757980046774,6.380978584094407],[4.582102298682173,6.378123283362868],[4.598449706288989,6.366196156027854],[4.597630860975528,6.346719506999705],[4.594931484700282,6.331930879006904],[4.587585449009339,6.319044589636178],[4.578468322654999,6.308424473111018],[4.571975492674881,6.297284947742185],[4.547312816733154,6.31175127490144],[4.522483757219675,6.313222365220042],[4.505328508403977,6.320217794815449],[4.502976501564319,6.322768557223185],[4.502862323637373,6.32699419992241],[4.496404178709952,6.33230533872046],[4.488367293715669,6.336224737081977],[4.483238448395753,6.326054181755126]]]}},{"type":"Feature","properties":{"state":"Delta","focus":true,"c":[5.8233,5.7013]},"geometry":{"type":"Polygon","coordinates":[[[6.485476971185335,5.379205227339412],[6.476556778372696,5.404050827183994],[6.483125209860589,5.420644283007277],[6.499718665683929,5.426520823777025],[6.508820534140398,5.425673961883888],[6.517558098027848,5.434420108900952],[6.524530411449405,5.438663960173699],[6.534836768901812,5.4589743607782],[6.538163662423131,5.475804329306413],[6.530831336896711,5.531958579724744],[6.542584895976233,5.549243449625521],[6.555376053262307,5.55235481342396],[6.568858147085848,5.553391458349154],[6.584760188831694,5.561688422782538],[6.591673851167343,5.574479103427905],[6.601007938065948,5.5969495766617],[6.603773594375923,5.614925860640028],[6.617601394788608,5.631519318261951],[6.621345997319963,5.642564773645461],[6.606450081106402,5.670234203345842],[6.599704940031017,5.678851447836109],[6.601873333187825,5.687458521893291],[6.600627332385557,5.706621920865018],[6.639077859955307,5.739461142917435],[6.643630027603763,5.747325420132086],[6.648280593674485,5.771679867831665],[6.647247197100512,5.785312883183053],[6.650763512126446,5.817113399963489],[6.657929897446877,5.840404510859514],[6.660915851685274,5.856529237334485],[6.673549187844799,5.889146084024617],[6.686027920652066,5.904795177055803],[6.700139110931275,5.929344791129267],[6.709439321267723,5.959330717938315],[6.715875148619261,5.969895840920344],[6.716506004148812,5.980997085746935],[6.724527836290633,6.012269973880223],[6.726493835222357,6.028930187278377],[6.725514463621664,6.040748672013649],[6.720231323416897,6.045729509609203],[6.703152852422249,6.051150246986367],[6.699099557598572,6.060996256771887],[6.704537202230142,6.081095483070158],[6.713315964060541,6.087072848633113],[6.722111224853165,6.097548007934279],[6.749240875166322,6.113724232287552],[6.755330085814876,6.120709896144831],[6.760651111759444,6.147799969093342],[6.769402026981993,6.167984008655139],[6.767301082978634,6.181836129433862],[6.753652095667746,6.192818164626658],[6.742698193067213,6.209370135623317],[6.731006144917728,6.239092827272202],[6.726152896838755,6.259857178665925],[6.723134636254485,6.265575642901638],[6.722107456693834,6.282715410787603],[6.712820052703307,6.353365898017842],[6.707312106268716,6.368577003226164],[6.699773788329708,6.381690025174578],[6.692131042014012,6.418381214421572],[6.681765079295019,6.455741882382029],[6.673863887608377,6.468333243584368],[6.668920994208577,6.50123405570713],[6.659813880905915,6.498556137256003],[6.646256923917974,6.4887337679491],[6.632654189639197,6.489315033062383],[6.622426032735291,6.49547100128575],[6.608807087277285,6.499517918117476],[6.585692882920284,6.497939110601521],[6.575504780021618,6.495079994046534],[6.540155888283664,6.492012024335509],[6.523318768346542,6.487541198567499],[6.520029068087069,6.483035565439025],[6.50962591210623,6.47580814403068],[6.502198218872763,6.463956833141367],[6.480507851755988,6.447825909438222],[6.466182709164741,6.440909863899151],[6.448867798310289,6.428103923557273],[6.436604023257132,6.416059017409793],[6.43126201612921,6.406817913216173],[6.412735939711922,6.396037102230537],[6.37992095888518,6.3854808807381],[6.370153904179404,6.383304119389663],[6.357560157974945,6.384293556202692],[6.349565983583318,6.37877607335713],[6.336294651277171,6.378173351319163],[6.322375298081568,6.373044968250724],[6.312781334091369,6.367324828578035],[6.290318012266482,6.361868381820386],[6.281655788184139,6.357406139182046],[6.261365890323646,6.3322720530129],[6.253943920375661,6.319034099943792],[6.236330985886354,6.30363082939931],[6.212637901418077,6.279160976198114],[6.197598933643917,6.282746315090435],[6.193511008626217,6.298419952418897],[6.188703060298053,6.309475899293375],[6.18049001700075,6.32119703331648],[6.167523860637687,6.331490992715203],[6.140926838303017,6.348607062565918],[6.126613139584776,6.356115817990656],[6.11304283126168,6.349068164764049],[6.08801698659471,6.318346977431133],[6.086041926993403,6.303767204393012],[6.086105823824767,6.289205074254824],[6.07663202274972,6.27872276264543],[6.084858894022773,6.263535022723147],[6.112161160209439,6.240878104740773],[6.115742206637549,6.199992179795288],[6.134387016047981,6.135653018671917],[6.14808320967245,6.114270209802385],[6.163812159803399,6.094288826168452],[6.169303894159441,6.082546234321285],[6.195523070833076,6.054463880903427],[6.220484866683307,6.053136716286474],[6.240929196125535,6.055820748328927],[6.244851975937991,6.053682279213888],[6.243274393298634,6.053020789178106],[6.232762814152579,6.033836841597008],[6.240956782829301,6.026277064934675],[6.25663995656879,6.016697884000223],[6.247943878407284,5.984033107941627],[6.245960235676364,5.97153282198218],[6.233819961821837,5.948546886129918],[6.229115009250336,5.93602609742652],[6.217640876725113,5.916512012319572],[6.207487106344956,5.90602588668537],[6.201406002185308,5.896959781568739],[6.17970991088373,5.882215976686041],[6.151937007886659,5.857713222687153],[6.1208791728356,5.839725018195054],[6.101854800958336,5.803205013100921],[6.093735217906044,5.794122219265034],[6.075937270388749,5.786094188995662],[6.073625564867996,5.786473273922525],[6.061857223631989,5.77513313318758],[6.03978013994157,5.76461076667357],[6.01566219325565,5.764347075557112],[6.004464625642015,5.760642052188985],[5.981730937033149,5.748114109378719],[5.958599090675534,5.750695229301414],[5.94093704241061,5.746387004556652],[5.924606800163758,5.748332024103661],[5.906148911243292,5.770370007070198],[5.906779765873523,5.781470777054778],[5.902640819618171,5.794611930696078],[5.894185114951142,5.798591687056785],[5.902400970428516,5.811059951755396],[5.906404018330818,5.825979233255055],[5.906504154243351,5.843882083991048],[5.921317100803606,5.877292156108183],[5.83331012706077,5.941052913760984],[5.835303782843368,5.951471806079041],[5.830506801747561,5.959753990154582],[5.822996139760107,5.966627120944906],[5.812038897976834,5.983871936840444],[5.79505681991634,5.979569912021873],[5.74528503377735,6.008975982955292],[5.698933124763926,6.033555984221323],[5.668930054178702,6.052030087018977],[5.657452105830089,6.033209801890905],[5.626190185828477,6.02878904407919],[5.61600780531603,6.0245428087037],[5.605134009826713,6.02306604366305],[5.593595028088146,6.018115997055645],[5.583425998910798,6.011096001579233],[5.57127380364318,5.99088382672727],[5.546327591245415,5.985361575676222],[5.536596774721431,5.98990201976244],[5.532306671315894,6.004177570138779],[5.534598350733347,6.009743214377863],[5.532633780824369,6.011707783387521],[5.523467064053818,6.012690066993059],[5.519210814727387,6.016291142222485],[5.515282154248041,6.02185678466293],[5.518883227678884,6.027422428002694],[5.512989998189937,6.035280228299939],[5.500876427005551,6.036589622313272],[5.497275351776125,6.042482852701539],[5.494328499160929,6.041828156144561],[5.491382122287177,6.03855419222225],[5.489745140326022,6.03004169536797],[5.478940964054289,6.027095317594899],[5.465517997957306,6.027750015051197],[5.45619106336693,6.022396564050212],[5.453403949232893,6.025130748585241],[5.452094555219617,6.034297942895819],[5.442778489835462,6.041352430969937],[5.429726584914022,6.031929159203401],[5.429398997865519,6.024726533902481],[5.433328135884835,6.019160889663397],[5.433655246292631,6.01424994467925],[5.433328135884835,6.009993696252138],[5.428089602952866,6.00704731937833],[5.417561039210625,6.009370470570786],[5.4180312002797,6.011584425181127],[5.413356766201844,6.02145256998017],[5.401897891574492,6.023089551941325],[5.390411839434876,6.019026898772381],[5.367845043414093,6.020886563664021],[5.344359383079109,6.017407083070452],[5.340436443187343,6.020022534612337],[5.334343908644541,6.021393299261376],[5.32738542589675,6.018349170577835],[5.323036193865278,6.00530147628217],[5.32695054972811,5.994428634973588],[5.32695054972811,5.98268556738509],[5.336518764329583,5.984425546002171],[5.339998245822414,5.98268556738509],[5.345217228392414,5.975292205770756],[5.358699322216012,5.969638347931436],[5.350001334793831,5.960939884767924],[5.341302873428901,5.956155778366508],[5.315937270288828,5.932292731924065],[5.30512403424683,5.917254241689932],[5.292076815692553,5.909860881874238],[5.275984516072583,5.906816275650669],[5.270486105149701,5.916543277250469],[5.269026029727513,5.936826021903414],[5.256848086869752,5.947698863211997],[5.254238832556098,5.954657347758427],[5.249889601424002,5.967705042953412],[5.248584974716834,5.984231742101258],[5.25574659183178,6.010848792337924],[5.263137568444051,6.031021864667366],[5.26826906226745,6.052536011427833],[5.270169735345064,6.054296017047591],[5.257602775447765,6.064357739118407],[5.240031325785083,6.061562520294103],[5.234040821127053,6.064757327688596],[5.234839523425308,6.072744350671314],[5.232443417429806,6.100299338044067],[5.233738898931108,6.112362385315862],[5.230544089737975,6.118752002802751],[5.217190988373488,6.135566001170048],[5.218388802601226,6.140757804429199],[5.222781903562066,6.143952612722956],[5.222382314092556,6.147946124214286],[5.210404636764622,6.153056126938736],[5.206199935678512,6.151631590025886],[5.205974674391769,6.147819651655652],[5.20259395824462,6.145440536551575],[5.198831557230619,6.147007941563288],[5.193720817961434,6.151766300374504],[5.189668158958398,6.151941794977915],[5.184027194699297,6.147360324719273],[5.180645938059627,6.149358471716141],[5.182441234875114,6.154410362048623],[5.181912421820869,6.156877518083036],[5.168694495754437,6.16357469561575],[5.164251804377329,6.159086703588571],[5.162909031126958,6.1479306226002],[5.163980943865511,6.145965560762079],[5.161456108012999,6.142713546592972],[5.157862185991121,6.146707058084303],[5.154594897736388,6.14418792663156],[5.145542144854176,6.141641616767231],[5.142962932393459,6.143306732219969],[5.143491745447761,6.151237964860229],[5.14177535964518,6.154955252283116],[5.133102417442672,6.164677619676468],[5.134438283899726,6.169372793020045],[5.126955985630275,6.163946629133704],[5.119040489327176,6.149993420060355],[5.101120948972664,6.124878883353858],[5.092163041291371,6.108929484208375],[5.075929641639675,6.078048705883134],[5.034234849358882,5.988736798764307],[5.018107941128619,5.950521048207861],[4.984384690900811,5.899277939725209],[4.985486394581471,5.89596496591048],[4.982781399342173,5.895736850175524],[4.97678403015891,5.887738748444519],[5.009237228115637,5.844676927298394],[5.026044960006971,5.817904635190814],[5.040834361416671,5.782730201137895],[5.067838473566724,5.766691060444145],[5.079804339198915,5.746776305781907],[5.081123391031724,5.736445433709832],[5.080568351947932,5.724389716812027],[5.084112261771509,5.717584341843974],[5.084471293615366,5.713027796295819],[5.12146403363829,5.643242591772264],[5.149651480931141,5.609176982231986],[5.170141575073671,5.593835492414087],[5.180993599774865,5.592039618233855],[5.191279101049702,5.595846813579612],[5.205258433629865,5.605959522713874],[5.228160746021672,5.619343990632728],[5.247196434068201,5.622020884756068],[5.301254813558842,5.613990204184631],[5.351223494568671,5.596144247259247],[5.373530942299169,5.598523707703009],[5.387807707659647,5.608041552175962],[5.399243035337861,5.637283656015939],[5.412792048614222,5.647005225710643],[5.444999694780165,5.654443739586952],[5.497776986418842,5.624166489092261],[5.503610610641203,5.616388321064221],[5.510555267211885,5.596110344616761],[5.49447052999102,5.607793252956299],[5.480431709955496,5.621832072991822],[5.466868782368465,5.631111971240557],[5.435697842281627,5.635157055253956],[5.417851885356299,5.639915977040744],[5.407858148434855,5.636822677024952],[5.402147442650403,5.629922241917996],[5.402861281323112,5.613266014315172],[5.393581383074434,5.588281673360598],[5.387273630873437,5.585654357062992],[5.376568237034576,5.586556564134185],[5.348609570075666,5.585069401131989],[5.326599556024746,5.588043727136323],[5.287338448810431,5.599941032053039],[5.231422998072958,5.60209286239575],[5.214059118233763,5.601242467965562],[5.207448046290381,5.598810788387198],[5.195788686698563,5.580488938114058],[5.179608350644912,5.570495202091934],[5.170447427306954,5.557122631304424],[5.16367310413051,5.554739572673213],[5.159739852612176,5.547128895282356],[5.157122445944196,5.537135159260231],[5.208338821179723,5.467497709751569],[5.239800752202996,5.440225939575498],[5.260153709626024,5.428466453064402],[5.318025056311342,5.403863967847883],[5.354906703081951,5.38982514781236],[5.379444122348389,5.389999389660147],[5.43104945526818,5.385542119373383],[5.47229741759179,5.399435055883146],[5.491020310638874,5.432783895860155],[5.500218498285108,5.480670549206536],[5.509758566804464,5.500895968374266],[5.5243327649452,5.513388137952234],[5.540691559767708,5.518741925299651],[5.555563190688758,5.518741925299651],[5.582179445025417,5.514452643874449],[5.595818807791773,5.519060579382256],[5.599956110985772,5.516716965015974],[5.599771747268392,5.513165053924126],[5.584949534093766,5.505892836385328],[5.568888172950892,5.503810806923241],[5.552826810908641,5.506487701046638],[5.531114228738716,5.505297969925437],[5.519514356602315,5.501133913699221],[5.508509350026543,5.468118892173209],[5.507319618905342,5.443729416779206],[5.514458002035212,5.42647832541445],[5.525016860339861,5.417109197331627],[5.526882133403774,5.407116060258033],[5.519365640212186,5.405360607905777],[5.512750220046655,5.398744980896197],[5.467054626369986,5.37167706544426],[5.385455707115227,5.360793893623338],[5.370481882632816,5.356647600806184],[5.351734195276947,5.363304806171925],[5.33687808935241,5.361221907065385],[5.324707680115409,5.366508608585491],[5.320573029022114,5.364431103612617],[5.32003422629856,5.354806976360919],[5.330418000090674,5.300138000368463],[5.345744302157868,5.231360539257537],[5.352651265443569,5.167922286584314],[5.372635031381662,5.145608756738795],[5.388012822333906,5.138975199945548],[5.421632892444052,5.152508494871199],[5.431599978856013,5.15168685176684],[5.443864242241034,5.146742253252455],[5.447671379130895,5.138687428581989],[5.448385217803605,5.133690560570983],[5.454650120007102,5.126679773252988],[5.461587865287811,5.124747034847815],[5.466032858030019,5.121584228029747],[5.469233798800815,5.116826958297509],[5.464647294137364,5.09757213784394],[5.467934542844944,5.093236976605226],[5.476113635835645,5.090885780054748],[5.50287056032812,5.092460632352356],[5.511565207668241,5.088287353578551],[5.524085043989658,5.068811892554834],[5.533127308078861,5.062899590243944],[5.550863742867477,5.055596352389784],[5.584598063749695,5.055248259899315],[5.585641384342466,5.047945022944475],[5.590857982809723,5.043424129220227],[5.611029147677073,5.038902759754592],[5.619723319275806,5.034729480980786],[5.625288010233533,5.026035309382053],[5.632938861239495,5.0183839799368],[5.642328739379877,5.015602112447596],[5.647893429438284,5.011776447724912],[5.66180896770976,5.012883663350408],[5.663635254263625,5.015100956244169],[5.663456916903215,5.024004459438288],[5.666662215788676,5.028277874124626],[5.675565243241408,5.029880046926678],[5.691234589005148,5.02418232015799],[5.702096461282736,5.022935866996704],[5.710287094373939,5.023826122077935],[5.719368458287761,5.030948640267582],[5.730586052004753,5.0544528967838],[5.736462116133794,5.056589603227678],[5.743050574624363,5.055699348146447],[5.748570441572667,5.053206443622514],[5.751953602077094,5.053740500623633],[5.75836372410663,5.061040877734342],[5.76423978823567,5.064246178418443],[5.773499011969875,5.061219215094752],[5.775635719313073,5.057479858308852],[5.77901887891818,5.058013916209291],[5.780443191899849,5.064958571880652],[5.788122177296714,5.072540759648405],[5.789875507248894,5.078677654150454],[5.789144993346838,5.084376335099819],[5.791336535952439,5.085837363803364],[5.803610801597245,5.081892490346206],[5.809017181297918,5.086421967200067],[5.8141312597499,5.084522247403868],[5.817346095945595,5.077362536851638],[5.820268630892656,5.075170516706009],[5.835319041640503,5.082476616202939],[5.840140819743112,5.083061217801003],[5.83951091839424,5.074536323792358],[5.840871333645168,5.067572594399735],[5.848323822086741,5.066549778349668],[5.851976395194527,5.070202827198784],[5.853145599290031,5.075462817954758],[5.857383250636531,5.077362536851638],[5.863081931585896,5.074440001904634],[5.865062146101195,5.069528997565214],[5.867738723663194,5.068109512144304],[5.871701240919606,5.081235408787109],[5.877645015904818,5.09138965580803],[5.877645015904818,5.105258465305951],[5.880772745565821,5.1095089913469],[5.88273048422451,5.101841449823098],[5.885300636015586,5.099972247621167],[5.896516323169806,5.104411601614174],[5.909367560564533,5.104878901939799],[5.914507865945325,5.108150005118716],[5.916377068147199,5.131515980078461],[5.917545318961345,5.134086131869537],[5.921751499432219,5.135020733420163],[5.926891803913691,5.139927864379501],[5.927826404564939,5.16072320910888],[5.93320083495064,5.164695262776206],[5.94605207414395,5.164227961551205],[5.960538863577767,5.157218455767179],[5.964244842925211,5.149107455844444],[6.004523276727866,5.103686810098282],[6.027214527228693,5.095670701241943],[6.044443130146362,5.095670701241943],[6.05496597330108,5.09716796992592],[6.062267780333855,5.103009702435884],[6.063728333296012,5.111771583991469],[6.063354014775996,5.123184203788014],[6.069569588265949,5.141344069972888],[6.08579254229204,5.1508026122508],[6.097852707236711,5.14994144394251],[6.120682715934663,5.133677482629764],[6.129725933305224,5.129266738769047],[6.143735886002389,5.134776115125646],[6.150269031690527,5.141166210152505],[6.15470743240212,5.151664257199741],[6.1659064290385,5.16113996483756],[6.178827763190782,5.16113996483756],[6.190907000957395,5.158570766327841],[6.200734137570464,5.169549941676507],[6.202291012420346,5.179281234841142],[6.198081969407383,5.203774929069766],[6.194337867798424,5.216655861179106],[6.195970558194745,5.223022590919868],[6.202086925671153,5.231778144845578],[6.213285445666827,5.238669395176487],[6.233532906318601,5.238167763231729],[6.259417534291799,5.227870941290973],[6.278995991072179,5.228888034954878],[6.290450095695405,5.234077454111286],[6.293005942870025,5.238823890610092],[6.292275428068592,5.245395183740811],[6.283834456994668,5.266500950158786],[6.28354215574592,5.274990559266939],[6.285005568552208,5.279088973977025],[6.300047873710469,5.299026488681534],[6.306432247250484,5.302983761091753],[6.325403213787354,5.306539535671106],[6.333523813073555,5.317602264333061],[6.338755193697295,5.319782362166336],[6.347552775640111,5.32045602812326],[6.3625273699422,5.314038277144846],[6.380353927591727,5.309046745710816],[6.408876895752201,5.304768561919673],[6.425990582399493,5.3111858371567],[6.434547423924528,5.323307990571379],[6.450234890128115,5.327586651003173],[6.473052979211673,5.321882247667645],[6.490166664060325,5.324021339113585],[6.493532180765555,5.326040745184287],[6.493019104048471,5.328299522005409],[6.502585887828502,5.338941097253894],[6.49587106739591,5.369657516381324],[6.485476971185335,5.379205227339412]]]}},{"type":"Feature","properties":{"state":"Rivers","focus":false,"c":[6.9249,4.808]},"geometry":{"type":"Polygon","coordinates":[[[7.495132284027761,4.828270242877466],[7.488712310824553,4.821804522960406],[7.486754894123123,4.827636719059399],[7.474380015925021,4.836699963432636],[7.471591472768296,4.842277049746087],[7.4661884313511,4.845414639574017],[7.446667670576574,4.845414639574017],[7.436501026401288,4.854000092130605],[7.429212093163642,4.862449168794171],[7.416359900688917,4.866746902047964],[7.384166485395042,4.862748311185669],[7.373507022631031,4.862891197270983],[7.362020016310737,4.865313052655324],[7.352412224344732,4.871914865178951],[7.330787182182746,4.873486041947331],[7.319794177959011,4.879632950400378],[7.30778598843267,4.875533103969644],[7.271389961177817,4.873023987367162],[7.263761979931473,4.869221982908243],[7.257359000317649,4.867384999817943],[7.247022313229195,4.867324488934059],[7.224565148163094,4.857883737944178],[7.218010078802138,4.857304672572639],[7.198855971625846,4.86169199988592],[7.183763074206581,4.875218496836226],[7.173842907224412,4.879391192849312],[7.155928135075442,4.883728981907041],[7.147241115784936,4.890325069346545],[7.146099436339966,4.897577162755908],[7.141855510423511,4.901298027681889],[7.143767834218238,4.91319608802911],[7.150316237804191,4.924333096195483],[7.15962600703466,4.935448169897199],[7.168517113074358,4.944752215842129],[7.209084034100954,4.95650100671611],[7.217877864971513,4.961559772365661],[7.228350162629965,4.97095823273628],[7.235092163272782,4.981004238255025],[7.241197109359177,4.994009017802],[7.251686095736773,5.033086776633468],[7.251376151588147,5.04940605164802],[7.253443673187007,5.068496136087845],[7.255775928216565,5.077342987388988],[7.265121593886477,5.095494285732741],[7.271354197838036,5.103509902659937],[7.27869892141814,5.116788863914962],[7.28021812366751,5.131694794079522],[7.287724971630212,5.147019863176183],[7.292564869273349,5.172623158032366],[7.290813923423855,5.182426929359337],[7.281322001908904,5.201615810621206],[7.27495002732195,5.209591866371568],[7.264343654236313,5.215610503621917],[7.260108948169488,5.21332740823334],[7.256109237651231,5.213470936434589],[7.251398086952179,5.201854228989532],[7.242135048293903,5.195867061715546],[7.231534003691365,5.19455194531605],[7.210087776429759,5.196576595333681],[7.198362198856444,5.199763102884958],[7.174276351672347,5.21024465636583],[7.165431022923428,5.212290764207467],[7.122664927644337,5.21629238128844],[7.104058743216456,5.221520423628704],[7.087322234933254,5.228674411794714],[7.083796023767547,5.228972435429625],[7.062163352656626,5.240469455700861],[7.059900284270725,5.240023135659214],[7.053144932292867,5.245570660357714],[7.039992332080487,5.249618052930828],[7.014990330239584,5.241863251088205],[7.012022972182478,5.242380141830154],[6.998440265805698,5.239194393306661],[6.986503123620309,5.23425579057232],[6.971787929769164,5.236238003381175],[6.959775925318752,5.231669903343402],[6.92890500985834,5.226479530006372],[6.903954983435767,5.219525813665427],[6.887593746054563,5.225611210289173],[6.875578879961381,5.237932204707533],[6.866418838858351,5.243133067736949],[6.848985195010812,5.249797821112622],[6.836094855992883,5.249899863587871],[6.827092647707559,5.252425670708192],[6.803584098727242,5.269271851314954],[6.770724773229745,5.300767899019377],[6.755795002037758,5.323452949594014],[6.757574081378777,5.342773914284749],[6.760469912756321,5.353443146384166],[6.758138180232891,5.389788150602726],[6.762536049399216,5.410212994434175],[6.753319262873731,5.433492183917224],[6.749034881854357,5.438793181959852],[6.744081973604239,5.449101925313641],[6.743738173577924,5.458882808894543],[6.751194000302917,5.464835167009426],[6.749948977963015,5.476490020997744],[6.744967937120634,5.484471798234949],[6.741359711381619,5.494053840812171],[6.733294963591732,5.493944167589291],[6.715590477218825,5.489103794204766],[6.652729511058112,5.490715980957816],[6.639080048005837,5.493445873028691],[6.668868064609569,5.689925194092496],[6.653137033447365,5.681609277346297],[6.626002526795219,5.683523453744442],[6.601873333187825,5.687458521893291],[6.599704940031017,5.678851447836109],[6.606450081106402,5.670234203345842],[6.621345997319963,5.642564773645461],[6.617601394788608,5.631519318261951],[6.603773594375923,5.614925860640028],[6.601007938065948,5.5969495766617],[6.591673851167343,5.574479103427905],[6.584760188831694,5.561688422782538],[6.568858147085848,5.553391458349154],[6.555376053262307,5.55235481342396],[6.542584895976233,5.549243449625521],[6.530831336896711,5.531958579724744],[6.538163662423131,5.475804329306413],[6.534836768901812,5.4589743607782],[6.524530411449405,5.438663960173699],[6.517558098027848,5.434420108900952],[6.508820534140398,5.425673961883888],[6.499718665683929,5.426520823777025],[6.483125209860589,5.420644283007277],[6.476556778372696,5.404050827183994],[6.485476971185335,5.379205227339412],[6.540015220825808,5.380566120130368],[6.561977863087975,5.379249096268836],[6.569632053276678,5.372142791956321],[6.567076206102058,5.333620071309269],[6.56315994277719,5.320212840650129],[6.548624038668493,5.302347183176039],[6.530881882393032,5.284537791785738],[6.532513141967968,5.273820876732145],[6.537384987127496,5.264905930564282],[6.547786235646299,5.257751942398272],[6.566636085986602,5.236972809747442],[6.552762031642487,5.226540565194966],[6.549230098989938,5.212652206234395],[6.558826447082936,5.198422908890166],[6.553380965759004,5.189809800382022],[6.544492244721368,5.186294078908645],[6.534568309579868,5.18684530306831],[6.526298522658749,5.174164772286474],[6.511361121618506,5.171964169011233],[6.493334769683941,5.163454056259752],[6.485816002106844,5.153363227630905],[6.472980975891346,5.128497124142996],[6.46049881037186,5.098048210156833],[6.443903922827815,5.068137168995179],[6.439036845873773,5.052887917243652],[6.429607867908828,5.038650035870489],[6.425769806031781,5.0294241922727],[6.411561012330878,5.004581928013636],[6.410391808235431,4.991127015299583],[6.437415122709808,4.966485977046261],[6.440402031128883,4.954815865160072],[6.44064092613786,4.943194866150179],[6.433986186713184,4.93030118884883],[6.425559997795688,4.920691012780082],[6.420719146871193,4.906836987237227],[6.414566040290595,4.896256923818044],[6.406606196618725,4.887104034123922],[6.400884151282582,4.875123978089164],[6.398394108401419,4.864480018737936],[6.399279117737137,4.83844184861249],[6.402275085027213,4.82723712869057],[6.422863959803976,4.777152061018853],[6.429982184630148,4.765873908753917],[6.444660187018087,4.775567055375348],[6.444090843317838,4.760978221667642],[6.441421986435557,4.745329857087256],[6.445941925079808,4.730044841995891],[6.459428787108891,4.723997116174019],[6.461060046683883,4.713280201120426],[6.478478909274315,4.713901996879713],[6.498985766779754,4.732592106040897],[6.517581939954596,4.747134209176465],[6.527311802297902,4.753003120097958],[6.537438869108598,4.755611896871585],[6.55261182777366,4.758596897828625],[6.579172134386567,4.758128165782296],[6.598309994410783,4.752677917152198],[6.607241153556458,4.746353148878768],[6.593472480870332,4.722457886022653],[6.578935622580957,4.715189457327654],[6.574090480990947,4.709374905027914],[6.573121071180537,4.701622008848688],[6.567574978202742,4.70164108256995],[6.56052255587133,4.697745322888409],[6.562364101222329,4.692440034180265],[6.553585051608877,4.688412189271162],[6.546593188724728,4.682030200733209],[6.511964797837209,4.643144130597193],[6.515436171941815,4.632859230069471],[6.51661777499038,4.622614861087015],[6.535140990664217,4.608811854983173],[6.538109778643445,4.596213818113256],[6.548893452171114,4.586297035279983],[6.545501231896367,4.580966948665775],[6.540171146181478,4.576605797019965],[6.543078423230668,4.568368435155207],[6.551316260836813,4.558192730310282],[6.560038090185742,4.55431652099071],[6.566337109070389,4.553831576865832],[6.560038090185742,4.541233063355264],[6.545016766210836,4.533480168075357],[6.542593955746497,4.521851062576502],[6.549862385340873,4.510221481336316],[6.53998517987219,4.500919818594809],[6.534255028047141,4.488474846337112],[6.531782149626565,4.478759766150347],[6.525196075238739,4.469583035428798],[6.512575149723432,4.431702136644333],[6.512063979569064,4.380130768420258],[6.514143944187708,4.368941783936236],[6.520407198833198,4.360930919926034],[6.544572830271932,4.354928017214263],[6.548027039016688,4.343715190803437],[6.549243264165341,4.325280383882671],[6.619999160932593,4.325803398108405],[6.640951640605806,4.311949642362151],[6.646742978705561,4.315209038166643],[6.646996377081166,4.326434140323386],[6.694166184421931,4.329999922558443],[6.706372928967539,4.338723196218552],[6.693843754086004,4.389166330761611],[6.687567986273621,4.404630956653364],[6.681656287407804,4.409390798446623],[6.688712641575194,4.422485648693794],[6.700298586810391,4.419594540555636],[6.697487456281124,4.447589546420488],[6.695306534668873,4.460855291238772],[6.691456865242174,4.471632990570129],[6.690317210171145,4.482135438000114],[6.692084530876457,4.494025936847549],[6.689307104239504,4.511580300290689],[6.689794418977328,4.518517127363566],[6.695117730099241,4.533603882413274],[6.713199983892196,4.561822291565534],[6.719340955920416,4.578303356414835],[6.720858762421983,4.599189611811198],[6.718655173397565,4.610930067768436],[6.724456046109708,4.612705196387765],[6.726591050136904,4.608653252345789],[6.728590802423639,4.593690859145909],[6.731711427440473,4.584676250108885],[6.732069947570096,4.572289694214078],[6.726655652036754,4.556665015078408],[6.722632483602297,4.550716276734818],[6.716884289578331,4.545611848907754],[6.711374032785443,4.535807118004129],[6.706084708842297,4.521287530295353],[6.700711175080698,4.511122974345824],[6.697141399855752,4.49605853327472],[6.699711612800741,4.477333087951706],[6.703535522046764,4.465428875342354],[6.709166527213483,4.457221985206502],[6.707383907241592,4.444904216656312],[6.715943648180883,4.416579460873493],[6.715971118872062,4.408762747003209],[6.712629873070227,4.403491711673212],[6.713507250759051,4.384007714284621],[6.712499618862353,4.358888626109263],[6.716943741060845,4.34999942843092],[6.737990222370911,4.346388816790522],[6.762662388858189,4.346421917237763],[6.875197479280303,4.357069429810394],[6.874828323768156,4.36379287743938],[6.856943177985329,4.379057093010488],[6.850176854278459,4.390094281825668],[6.858177814054898,4.398239956908526],[6.957471959363488,4.37300528066919],[6.975106673634116,4.375336970924536],[6.990520918605569,4.370264862933141],[7.005555153247769,4.369443893421021],[7.011110305995885,4.370554923970587],[7.019443512208397,4.37555503943355],[7.024722099145606,4.384165763838951],[7.024999618237814,4.389444350776216],[7.01735251021023,4.409040926197861],[7.000866215803285,4.418643324929576],[6.994643918981751,4.435629983237163],[6.991781405687391,4.451658465166076],[6.992411389773849,4.462019931274881],[6.991288704010515,4.469586490624067],[6.984706329433607,4.477269835934237],[6.979253521332964,4.48790137834601],[6.975576589188279,4.503307866664784],[6.977458542877514,4.508370297950933],[6.985003847649523,4.513937319951424],[6.981567718875169,4.532665136786704],[6.975380111602931,4.597201727877462],[6.983824241995194,4.617081009680874],[6.998258339250981,4.606652048553258],[6.993949163922821,4.58989488464124],[6.99750037174482,4.56377479527066],[7.008234614036269,4.536502506185741],[7.009428323758186,4.530700562381071],[7.007310089389136,4.512759116340192],[7.015878792971989,4.468389999299063],[7.022091935594403,4.453404758822614],[7.021380826364066,4.44669768515007],[7.024137982282127,4.441202241090593],[7.034162092006966,4.437805123107978],[7.044444084127235,4.436388014595252],[7.067277678422158,4.440621665757305],[7.075081576053947,4.446326462995899],[7.094134457339408,4.45304666497168],[7.103698333611248,4.451491124715687],[7.158905853322494,4.463628911944795],[7.170017503305189,4.486531211746069],[7.177379403037094,4.515041003939245],[7.177115221790075,4.529487835595205],[7.165950110709105,4.548644314283706],[7.176353390796407,4.571148766602334],[7.176110268074467,4.584444046055921],[7.169721602969673,4.604443550129758],[7.157298075945505,4.629369385688619],[7.150220917761203,4.640579460174024],[7.129156405044114,4.656489597616883],[7.104802321569935,4.666491962634041],[7.095793138142881,4.668422442841518],[7.092124762148103,4.676237978599886],[7.083538115291844,4.684146329789314],[7.078708219908492,4.702666244051954],[7.081787627197286,4.721914411321052],[7.085702707014377,4.723166614747527],[7.088006853733361,4.718719086816463],[7.088784475922864,4.701060312083769],[7.091352909109503,4.692871989350863],[7.102399169386217,4.678520317658581],[7.108230539008218,4.673954392181486],[7.144192373579244,4.664946521764591],[7.152780442263634,4.659988713108646],[7.168410442687843,4.631669274117769],[7.190276745975098,4.609984379375646],[7.206548123996754,4.564556137056115],[7.216747768794562,4.54484232331464],[7.217447516889422,4.520663660699427],[7.188748262722186,4.475677304763849],[7.175727236023192,4.45996772063387],[7.170847528990294,4.457590304349139],[7.166636279940406,4.447626773856598],[7.134745544970997,4.410417690224278],[7.132183773062707,4.385803287192005],[7.137316659935948,4.374508025325156],[7.139904966341192,4.375989406585916],[7.139263699360299,4.380121453242509],[7.140577088162161,4.383178603210013],[7.143827124722065,4.384137217558589],[7.18185139342711,4.379548439409007],[7.20379013260856,4.379027593448711],[7.215821959915559,4.380440946392582],[7.308054924395321,4.408888816665581],[7.328556614396291,4.416780480035186],[7.323135695356086,4.433503750297859],[7.324597042419612,4.439467656607121],[7.33342266612317,4.443715811135803],[7.367330978841665,4.442022033390174],[7.418445176703585,4.43152835614876],[7.447379422822166,4.439904058925208],[7.487354367809871,4.448660476200075],[7.518572896422086,4.451325472292751],[7.580250995087397,4.450080850151153],[7.587081569958514,4.453168460156348],[7.590608261362206,4.458922782160698],[7.589747856578356,4.462754353630544],[7.583302377702637,4.461294702688406],[7.581654521139285,4.475741752879628],[7.589435099350396,4.489530197160946],[7.5766189193277,4.497021161297596],[7.557077808693975,4.502879546553856],[7.542669707241259,4.514729457198712],[7.532558612390119,4.52590355790295],[7.521420911745736,4.550237687219521],[7.5212876861778,4.554671519375177],[7.526958677001403,4.565597925204145],[7.54290148681423,4.575457245855262],[7.543707575244468,4.579796084421787],[7.532307384078536,4.591298665201293],[7.525932350897335,4.602819834068157],[7.524896035123959,4.613096471624885],[7.517632614753438,4.633599542984541],[7.524138809558451,4.654927604725231],[7.521498811021388,4.662054839859024],[7.516347139109257,4.663271338401614],[7.517499923382786,4.679721832596556],[7.521944045581279,4.689166069358635],[7.527777671602337,4.696944235588035],[7.535064208146764,4.700366528292705],[7.53547795474384,4.714003163415327],[7.54225845896076,4.730119211432509],[7.533941827253557,4.753361331760118],[7.531638735439344,4.768375274999016],[7.509579380084347,4.785166166185661],[7.511819568818112,4.793050653864611],[7.511467224332989,4.807282652772244],[7.495132284027761,4.828270242877466]]]}},{"type":"Feature","properties":{"state":"Kwara","focus":false,"c":[4.6409,8.8841]},"geometry":{"type":"Polygon","coordinates":[[[4.568998335604761,8.05475616466532],[4.598083019415867,8.063862801327275],[4.603038786610739,8.0680561071037],[4.621718406978971,8.075679778798815],[4.62896108628513,8.07453632409215],[4.633916854379379,8.071486473022333],[4.632392404585858,8.061194420186382],[4.633916855278699,8.057001111711998],[4.637353216078111,8.053585696123037],[4.648403167172489,8.05356979431059],[4.659458159866233,8.045564650887968],[4.665557383566465,8.043276787293962],[4.673563002730418,8.045946120816893],[4.675087928265327,8.049757955765074],[4.687286376565055,8.057001112611317],[4.692242145558623,8.056238173652844],[4.69960880270412,8.049096106899867],[4.704441069599739,8.048233031129541],[4.711684226445925,8.05966949465153],[4.721214293604817,8.064244270356824],[4.735319444037145,8.06348133139835],[4.754760741614973,8.06500625603394],[4.766197204237642,8.0680561071037],[4.785638809383613,8.068437576133306],[4.805271149044358,8.063862801327275],[4.812895298279443,8.059288024722605],[4.818613528691458,8.05356979431059],[4.830049992213446,8.055476187975728],[4.843392371860546,8.061956405863498],[4.857497213825411,8.072630881909731],[4.854828835382477,8.085972785815443],[4.851778984312716,8.091691017126777],[4.854066372165391,8.095502852974334],[4.877701283087788,8.091309547197909],[4.88723135024668,8.090929031449718],[4.913153648122432,8.085591315886575],[4.926877498597719,8.07987308457524],[4.939457416826372,8.0680561071037],[4.949749947202349,8.055476187975728],[4.960805415637481,8.052426337805286],[4.966904640237033,8.046708107393272],[4.968429564872565,8.037559509263986],[4.970716475185213,8.032603263629767],[4.969192027190331,8.02421665207686],[4.971701372220593,8.023653903105185],[4.97318069043655,8.021380363912726],[4.977073568690287,8.025906894587536],[4.980479557585568,8.02692833197699],[4.98336396037854,8.032349306775131],[4.995157532094481,8.029532864849898],[4.998952800631287,8.030323020890762],[5.009981632046731,8.050139426593319],[5.020655153912287,8.059288024722605],[5.029041767263777,8.063862801327275],[5.032472608923797,8.0680561071037],[5.03971576666936,8.071867942951258],[5.044290542374654,8.0699615483868],[5.04962730375712,8.064624786105071],[5.053439617144647,8.057763100087072],[5.05763292202181,8.039464951446405],[5.061813830643814,8.038155555634432],[5.072351455055639,8.0310058590332],[5.075738429584931,8.024984360140138],[5.084393977999753,8.02423191087405],[5.117887973051552,8.062618255628024],[5.142349719763786,8.061864853080579],[5.181865214608024,8.03627395627808],[5.188262938583819,8.02950000811893],[5.191649914012373,8.022350310618378],[5.195789336908433,8.018210411081668],[5.202939986791023,8.01708126099146],[5.230788708032492,8.021973609794316],[5.256755829018346,8.018210411081668],[5.262400627087345,8.012941359656054],[5.282862185741351,8.008471488968098],[5.317722321128258,8.007673264209814],[5.332399368436143,8.009554862666846],[5.351968765446202,8.025736809406283],[5.360624312961704,8.038532257357815],[5.361377238868499,8.04342460616067],[5.358742713605409,8.063370704894169],[5.358742713605409,8.073907851766023],[5.360624312961704,8.082940101904228],[5.364011288390316,8.090466499329523],[5.371161938272905,8.096487999121905],[5.387344359854353,8.102132797190905],[5.39825773180894,8.103638649004495],[5.44906330123041,8.105895995903552],[5.497963905110169,8.11066436776639],[5.497963905110169,8.114674567976977],[5.504484652744566,8.123804092385],[5.51796150262129,8.131194114816594],[5.532742500765835,8.146844864399043],[5.536654949166632,8.15640926407633],[5.539698123669496,8.190752983563414],[5.539698123669496,8.19857788126427],[5.537089825335215,8.205533981707958],[5.523607281850616,8.20715812224961],[5.513922141893374,8.212442063750302],[5.5103930196222,8.208433556963143],[5.501329687115401,8.215304261382585],[5.494920730607305,8.214663506115983],[5.477531433229103,8.205099106438638],[5.466228008216035,8.202490807205038],[5.457533359976651,8.206403732246486],[5.431884288729009,8.224661827781176],[5.422319889051664,8.22813987665404],[5.418842315920188,8.235530853266312],[5.422319889051664,8.251180649567345],[5.421885490423108,8.261614798883897],[5.419711589818064,8.267701148789058],[5.421450615153788,8.273787497794842],[5.418407439751604,8.283785820359356],[5.404496193044906,8.292045593329533],[5.397105693972662,8.292045593329533],[5.38102054666092,8.278134345723515],[5.372325898421536,8.274221419782748],[5.362761496945552,8.273352623424898],[5.356675147939768,8.274656296850651],[5.353197575707611,8.286828994862276],[5.353197575707611,8.309869765976941],[5.33580827743009,8.32856369006231],[5.332330226758586,8.33117198929591],[5.324504852417078,8.333780289428887],[5.321502686100132,8.341078758178185],[5.322829723013342,8.344395637748505],[5.327473163755542,8.349039077591385],[5.341900826362121,8.375241279561465],[5.396627426414625,8.438260077640507],[5.412382125934414,8.452356339173775],[5.433111668168976,8.466452598908347],[5.453513621556453,8.486290931881058],[5.465723514628564,8.492395401326746],[5.476577282215828,8.499857903719317],[5.490143777413437,8.518173217719891],[5.49624919924122,8.529026031126477],[5.503032207170691,8.534453392010505],[5.51456403660103,8.5351314547529],[5.513207436274229,8.538522719947593],[5.524109840097083,8.53693008355657],[5.544442176964935,8.52310371396527],[5.554202080261859,8.512530327112927],[5.574534416230392,8.506024360735694],[5.599746703847359,8.488945008405437],[5.64285183004796,8.462919235434413],[5.688176632345744,8.452851294551635],[5.704662323307616,8.445839882204837],[5.748580933063636,8.437706946918127],[5.782739640422108,8.427947043621202],[5.805511951315566,8.425507545336984],[5.81852483735139,8.427134514246461],[5.829097747563026,8.426321030691042],[5.849430084430878,8.422254561698708],[5.912054062145273,8.423880577326827],[5.925066948181154,8.418188095404332],[5.956785678816061,8.408428192107408],[5.978744984593391,8.405175209368451],[5.990944386174533,8.401922225730175],[6.013716697967311,8.400295257720018],[6.040555953594435,8.392975806888046],[6.060074806007549,8.393788338061427],[6.077967643691863,8.3978557594358],[6.097486972745628,8.414121628210637],[6.11131286569622,8.431200981440213],[6.12513923618684,8.555635452414265],[6.133272170574287,8.56783485399535],[6.147911548878938,8.596301079431328],[6.162550926284268,8.637779235823132],[6.16987037711624,8.662991524339418],[6.208536148424571,8.732375145596563],[6.203216075761361,8.734561919996679],[6.185323238077046,8.729681969247508],[6.169057369302209,8.721549033960798],[6.149538039349068,8.72073555040538],[6.131645202564073,8.751641273226255],[6.114566325975204,8.758147239603488],[6.084474086709804,8.760587692068384],[6.033236026121756,8.758960724058227],[5.999890804117342,8.751641273226255],[5.978744983694071,8.75001430611536],[5.974678515601056,8.756521224874689],[5.943772792780237,8.748388289587922],[5.928320407560818,8.742694856182709],[5.901481151933638,8.75001430611536],[5.886841773628987,8.746761321577765],[5.795752048018642,8.74188137082865],[5.77460622759537,8.753267287954998],[5.742074490045752,8.797999382165813],[5.728248118655813,8.819958687043822],[5.712795734335714,8.828905105885951],[5.691649913912443,8.828091622330533],[5.665624141840738,8.830531119715431],[5.642038344693901,8.835411073162561],[5.619266032901123,8.85249042459344],[5.60543966330988,8.86794280981286],[5.601373196116128,8.876889228655045],[5.563148021564018,8.898848534432375],[5.543629169150904,8.91674137121737],[5.539562701957152,8.930567740808613],[5.52541780508767,8.940100669610274],[5.511850834148731,8.944170951728097],[5.485395431653899,8.944849013571172],[5.473863602223503,8.947562217822167],[5.46640205401161,8.954345703291608],[5.457583427033569,8.96859073607368],[5.425023079351661,8.978766440918548],[5.408064842318652,8.978766440918548],[5.391106128644992,8.982835769755013],[5.375504493737424,8.990297317966906],[5.37007761039348,8.996402739794632],[5.348370551859546,8.998437881303232],[5.332090377568932,8.995724677951557],[5.323272228130861,8.99233245767681],[5.307670114784003,9.000473021912455],[5.297495365019131,9.00318622616345],[5.28664159833113,9.009969710733628],[5.272396562851156,9.014718055593846],[5.237801074559968,9.018788337711669],[5.225591183286554,9.026927947766637],[5.208971977175054,9.035068512002283],[5.196761608361612,9.054061889644515],[5.171663283733608,9.087300300968138],[5.159452914920109,9.10697269373486],[5.107899188696649,9.135462761097585],[5.065163611911203,9.16259670297552],[5.048204899136806,9.187694550063497],[5.032603263329975,9.197870254908366],[5.016323089039361,9.20533180222094],[4.996651172913346,9.20736694283022],[4.971552849184718,9.200583458260041],[4.962055682823575,9.193121910048148],[4.923390388155951,9.176162719733782],[4.91118049598316,9.171414374873564],[4.886081695613825,9.167345046936418],[4.876585005893332,9.161239624209315],[4.876071453434861,9.157646178828145],[4.865247250160508,9.150311470098302],[4.857202052732589,9.14870262072941],[4.848084449737598,9.141194343744019],[4.828239917738074,9.134222031221839],[4.815155235225973,9.131622475197105],[4.812581610253176,9.132067910305864],[4.807594258867994,9.136369975593936],[4.785332679259795,9.135293961047523],[4.772460937322421,9.147629736723047],[4.768706321739387,9.153530120318862],[4.764554977430294,9.14993190763147],[4.751920699680568,9.179856300128222],[4.751920699680568,9.199497222918524],[4.757158279331179,9.224376677741532],[4.754539488606554,9.247945786169169],[4.737516879900113,9.268896102972803],[4.713947295731145,9.278062819743411],[4.685140131911623,9.292466163782478],[4.639310360284924,9.308178900935559],[4.617050171028609,9.3304395677319],[4.609726906171829,9.361758232256648],[4.578422546263539,9.388053893572362],[4.501166820092749,9.440430639762269],[4.44355201671226,9.509829519816549],[4.387247085784452,9.562206267805038],[4.350583553388333,9.588395119339339],[4.282493590706679,9.694458008430388],[4.206547260347861,9.782189367845092],[4.171192646223687,9.820162771794514],[4.152861117446662,9.862063407200537],[4.141076086592193,9.860754012287885],[4.127982140163681,9.851588247899372],[4.118815898235141,9.85551643263733],[4.122744082973099,9.860754012287885],[4.124053477885752,9.875158308709047],[4.114887714396559,9.881705284171574],[4.095246314066173,9.877777099433615],[4.095246314066173,9.867301940132506],[4.083461759852355,9.851588247899372],[4.080842970926426,9.851588247899372],[4.07822418200044,9.854207037724677],[4.070367334984553,9.856825829348622],[4.057273386757458,9.856825829348622],[4.052035808905487,9.863373755394548],[4.038941383138365,9.8646831503072],[4.027156829823866,9.856825829348622],[4.021918772633285,9.856825828449246],[4.01668119388205,9.868611335045102],[4.012753009144092,9.885633468010212],[4.011443614231439,9.898727416237307],[4.002277849842926,9.906583784813847],[3.985255240237223,9.893489836586753],[3.980017424064897,9.906583784813847],[3.967250585346278,9.902983663765099],[3.962340355323192,9.9078931797265],[3.945972443173787,9.9078931797265],[3.936151980429599,9.91607761289157],[3.934515236788798,9.927535055798216],[3.942698955892126,9.932445525040976],[3.959066868041589,9.93408203036148],[3.960703610783071,9.937355994283735],[3.96888732808776,9.942265509345816],[3.970524071728562,9.948813437190438],[3.965613840806157,9.956996916174774],[3.959066868041589,9.960269926815727],[3.941062211352005,9.961907386316852],[3.934515236788798,9.966817854660292],[3.936151980429599,9.973364829223556],[3.941062211352005,9.976637838965132],[3.952519654258708,9.978275297566995],[3.95415639789951,9.983184812629077],[3.949246166977048,9.99136924579409],[3.934515236788798,9.999552725677802],[3.921420811920996,9.999552725677802],[3.909963607334646,9.989732741372961],[3.887048720622033,9.988095281871836],[3.887048720622033,10.004463194920561],[3.890322207903637,10.015920636927888],[3.903416395350405,10.019194601749518],[3.890322207903637,10.030652043756845],[3.872317553012692,10.042109487562868],[3.864133833909364,10.050292968345843],[3.851039647361858,10.055203436689283],[3.833034990672331,10.047019002624893],[3.823319196423824,10.05430602840056],[3.818045616012398,10.066830633826726],[3.799117086684248,10.071198462039433],[3.794020890351874,10.062462805614018],[3.784556388266765,10.062462805614018],[3.780188320834384,10.052269935409242],[3.78819656332081,10.03843784073382],[3.78819656332081,10.034069059239755],[3.783828495888429,10.03115749242437],[3.775092125401329,10.033341406980412],[3.772180080146654,10.040621757088445],[3.771451949447965,10.047174452239233],[3.761987685683209,10.058822629660654],[3.750339030721761,10.068286895224105],[3.743058919833345,10.084303854139591],[3.735050439026566,10.087943075912278],[3.734322548446926,10.079935071746206],[3.736506700423945,10.074838636194158],[3.736506700423945,10.068286895224105],[3.730682371594241,10.068286895224105],[3.715393780798365,10.089399337309601],[3.714665650099732,10.101776121171099],[3.71248173644301,10.108327864839111],[3.684285566625647,10.15666566039198],[3.679974305769633,10.12017361701885],[3.675833223624409,10.103333471762369],[3.60944414063465,9.94805526463881],[3.558888434353833,9.880277632007164],[3.525277614670244,9.844165800411417],[3.52111101066464,9.844444272784983],[3.501944063867484,9.853332518081288],[3.476943967690033,9.856943127923046],[3.366577676918325,9.837271317917043],[3.352871981057149,9.82413669335375],[3.341165032939955,9.80786118024929],[3.33345557941152,9.791300130596596],[3.331171296917887,9.781020858925558],[3.331110953307871,9.755832668642768],[3.337222098421137,9.734998699830157],[3.352777480296538,9.703054424622053],[3.285580824095803,9.636444808980798],[3.245605879108098,9.586571305921098],[3.205122121988381,9.531376343443526],[3.171388624885196,9.496387478199608],[3.141666411675601,9.44111060726874],[3.141944407408516,9.429164881953795],[3.144999979965178,9.41888808791498],[3.15222215562801,9.405553812958146],[3.166944026045996,9.365833278982677],[3.166388509422234,9.302776332561734],[3.130411676857477,9.192254854777786],[3.094999789408803,9.090555186672589],[2.987499712641693,9.061109538374524],[2.967930003566835,9.081300724848631],[2.905071310892311,9.079170126600104],[2.814221715060171,9.065156215986633],[2.794722077561858,9.056943886751014],[2.789443969063996,9.043888085966444],[2.783055303959145,9.016666407129037],[2.745277403629302,8.795276636107928],[2.742957589820946,8.770763390618015],[2.756388662406891,8.575206047321274],[2.802357195827994,8.610358232146723],[2.88843512288264,8.608820911256089],[2.920714375767886,8.611895555735373],[2.942233799750113,8.638026232824416],[3.014477966584934,8.710269923917906],[3.051368474375636,8.72871589322392],[3.103630065075492,8.750234600446504],[3.163577315940415,8.808645245381797],[3.183559654654402,8.811718938378363],[3.197393654093901,8.796348568631572],[3.237358330622499,8.782514568292754],[3.281934498578323,8.8040332764146],[3.387994765246276,8.842461584434602],[3.524797200430498,8.928539274068271],[3.599984013751282,8.956908512118162],[3.601044979941946,8.963438058719476],[3.599815952943914,8.976571224582415],[3.594447886161049,8.989114108729211],[3.593255469664257,8.995438495690053],[3.595700863903801,8.999334614201132],[3.607926198335406,8.999329428710212],[3.617450008910851,9.003244890739154],[3.638431669785803,8.998915615563249],[3.654112545757414,9.001479268853245],[3.660477585672083,8.99845554668616],[3.673755352627495,9.004608671253209],[3.687058409418114,9.003429016136238],[3.691454540194911,8.996621755289823],[3.720384973188004,9.016023610401362],[3.743066311361247,9.04689693424615],[3.752289055895289,9.086861608976108],[3.753826140264209,9.120677947129593],[3.7707343102403,9.146808623319373],[3.795327901161784,9.16525363664607],[3.826070068778677,9.182162284162132],[3.862960575670058,9.188310621637925],[3.921370743964701,9.172939300408416],[3.944427252315904,9.148345946008646],[3.972095251194958,9.077638625222448],[3.990596574672225,9.04839725702783],[4.012060165144533,9.034599303315247],[4.210460186288628,8.970032691055906],[4.253385544307491,8.966966627907595],[4.290276526940204,8.99156093468946],[4.316407204029304,8.997709273064572],[4.325629711142312,8.994634626786649],[4.334852218255321,8.98080062914579],[4.334852218255321,8.957744597435294],[4.321018218815766,8.942373276205785],[4.257997035734661,8.900871276088594],[4.221106528843279,8.860906599559996],[4.194975852653499,8.816330910043519],[4.190364361226329,8.753309249422387],[4.213420867778893,8.682601927736812],[4.209143639067747,8.680658339910508],[4.348138807559963,8.391195295826265],[4.391735076912312,8.304002761618221],[4.417978287068365,8.273376463553006],[4.440625045409547,8.25396417900373],[4.440632344307289,8.250558799848761],[4.459682309091363,8.23355517043484],[4.461601740228161,8.227438370384561],[4.471919082899433,8.216350082090685],[4.480495623174534,8.210510320894628],[4.483886240857373,8.202712058414818],[4.494078157780791,8.166700362731603],[4.494078157780791,8.13340663860555],[4.495437144009031,8.117099761644738],[4.505629061831769,8.091958999808071],[4.533486842843558,8.071575165061859],[4.557268141811335,8.05866527478264],[4.568998335604761,8.05475616466532]]]}},{"type":"Feature","properties":{"state":"Kogi","focus":false,"c":[6.5248,7.7133]},"geometry":{"type":"Polygon","coordinates":[[[6.827889919184486,8.457550048995586],[6.824781417928136,8.432682037146321],[6.832135201278561,8.425327301413859],[6.832135201278561,8.41705417620932],[6.824781417928136,8.404185295914715],[6.833054543132732,8.401427268553675],[6.837650775762768,8.39683151256429],[6.836731433908597,8.391315459640794],[6.827538966849886,8.379364967019683],[6.822942734219851,8.367415428579193],[6.81099271823939,8.351787566742871],[6.807315349923499,8.34259509968416],[6.790769100413684,8.330645562143047],[6.779737948747368,8.331564903097842],[6.772384167195582,8.335241318132375],[6.766868590912793,8.308583260609055],[6.760434151215179,8.305825233247958],[6.751241206616442,8.304905891393844],[6.749403000448183,8.299390792651025],[6.761353016428586,8.292956352054034],[6.763191700136872,8.281925201287038],[6.761353016428586,8.272732735127647],[6.749403000448183,8.263540268068937],[6.743887424165337,8.26537895177728],[6.730098723577271,8.283763884995324],[6.719986915563766,8.274571418835933],[6.727392525045047,8.252448812362843],[6.718148707596811,8.243316650243287],[6.714471340180239,8.229528427195191],[6.712633133112661,8.20195102691838],[6.699763775278029,8.189081192443098],[6.691258429832715,8.183006287310377],[6.688272953134344,8.20195102691838],[6.683676719604989,8.212981224404018],[6.671726703624529,8.220335960136481],[6.665291786386888,8.226770400733471],[6.64139127688594,8.255267142864398],[6.62668323534308,8.287440300029857],[6.613813876609186,8.299390792651025],[6.608298302124979,8.314098357553235],[6.599105835066268,8.32421016736538],[6.588075160939979,8.326048851073665],[6.579802035735383,8.330645562143047],[6.551305292705138,8.369254112287479],[6.527404785002886,8.37568855288447],[6.503504276401259,8.412458420219991],[6.452945709377047,8.448308945701342],[6.431343554961131,8.51909065211197],[6.42490863772349,8.549426078850502],[6.413877486956494,8.581600189297319],[6.405604360852635,8.61193466185523],[6.39825057930085,8.62940025411848],[6.379865646082749,8.648704529190695],[6.375269412553394,8.661574363665977],[6.358722687302247,8.684555053772783],[6.323791503675011,8.71305179590371],[6.30264902063584,8.727760314986597],[6.267717361267273,8.738791465753593],[6.246574879127422,8.738791465753593],[6.208536148424571,8.732375145596563],[6.16987037711624,8.662991524339418],[6.162550926284268,8.637779235823132],[6.147911548878938,8.596301079431328],[6.133272170574287,8.56783485399535],[6.12513923618684,8.555635452414265],[6.11131286569622,8.431200981440213],[6.097486972745628,8.414121628210637],[6.077967643691863,8.3978557594358],[6.060074806007549,8.393788338061427],[6.040555953594435,8.392975806888046],[6.013716697967311,8.400295257720018],[5.990944386174533,8.401922225730175],[5.978744984593391,8.405175209368451],[5.956785678816061,8.408428192107408],[5.925066948181154,8.418188095404332],[5.912054062145273,8.423880577326827],[5.849430084430878,8.422254561698708],[5.829097747563026,8.426321030691042],[5.81852483735139,8.427134514246461],[5.805511951315566,8.425507545336984],[5.782739640422108,8.427947043621202],[5.748580933063636,8.437706946918127],[5.704662323307616,8.445839882204837],[5.688176632345744,8.452851294551635],[5.64285183004796,8.462919235434413],[5.599746703847359,8.488945008405437],[5.574534416230392,8.506024360735694],[5.554202080261859,8.512530327112927],[5.544442176964935,8.52310371396527],[5.524109840097083,8.53693008355657],[5.513207436274229,8.538522719947593],[5.51456403660103,8.5351314547529],[5.503032207170691,8.534453392010505],[5.49624919924122,8.529026031126477],[5.490143777413437,8.518173217719891],[5.476577282215828,8.499857903719317],[5.465723514628564,8.492395401326746],[5.453513621556453,8.486290931881058],[5.433111668168976,8.466452598908347],[5.412382125934414,8.452356339173775],[5.396627426414625,8.438260077640507],[5.341900826362121,8.375241279561465],[5.327473163755542,8.349039077591385],[5.322829723013342,8.344395637748505],[5.321502686100132,8.341078758178185],[5.324504852417078,8.333780289428887],[5.332330226758586,8.33117198929591],[5.33580827743009,8.32856369006231],[5.353197575707611,8.309869765976941],[5.353197575707611,8.286828994862276],[5.356675147939768,8.274656296850651],[5.362761496945552,8.273352623424898],[5.372325898421536,8.274221419782748],[5.38102054666092,8.278134345723515],[5.397105693972662,8.292045593329533],[5.404496193044906,8.292045593329533],[5.418407439751604,8.283785820359356],[5.421450615153788,8.273787497794842],[5.419711589818064,8.267701148789058],[5.421885490423108,8.261614798883897],[5.422319889051664,8.251180649567345],[5.418842315920188,8.235530853266312],[5.422319889051664,8.22813987665404],[5.431884288729009,8.224661827781176],[5.457533359976651,8.206403732246486],[5.466228008216035,8.202490807205038],[5.477531433229103,8.205099106438638],[5.494920730607305,8.214663506115983],[5.501329687115401,8.215304261382585],[5.5103930196222,8.208433556963143],[5.513922141893374,8.212442063750302],[5.523607281850616,8.20715812224961],[5.537089825335215,8.205533981707958],[5.539698123669496,8.19857788126427],[5.539698123669496,8.190752983563414],[5.536654949166632,8.15640926407633],[5.532742500765835,8.146844864399043],[5.51796150262129,8.131194114816594],[5.504484652744566,8.123804092385],[5.497963905110169,8.114674567976977],[5.497963905110169,8.11066436776639],[5.513937950176285,8.1112461104197],[5.513589858585135,8.083756447102417],[5.507326603040326,8.04547977377257],[5.507326603040326,8.03712844801953],[5.503847122446814,8.023557663055726],[5.505934715115075,8.018686295436225],[5.508718490965634,8.017642974843454],[5.516025542844602,8.022166251771125],[5.537599563768879,8.04060840615307],[5.545255183879704,8.044088364286608],[5.550822258040796,8.051047324574427],[5.576571940942358,8.071229935113479],[5.599189758200851,8.073665619372889],[5.624591351309846,8.07262134639808],[5.656256676604414,8.07470893906634],[5.659736156298607,8.06983757144684],[5.653820514804977,8.064270020644983],[5.64303350389315,8.059050559635693],[5.639902114890731,8.053831100424986],[5.647209166769699,8.040956496844899],[5.650689124903238,8.023557663055726],[5.662519932149223,8.015206337302686],[5.667391299768724,8.008595466807378],[5.668087482051703,8.002331734621919],[5.663215636892176,8.000244141054338],[5.656952381347367,7.994328976201359],[5.650732993832662,7.990740775666325],[5.647557259260168,7.986158371911358],[5.647209166769699,7.966143608141067],[5.645469665692588,7.963011741598621],[5.634334564088931,7.958487988030299],[5.627027034669936,7.957096100104991],[5.614152431089849,7.962316035956349],[5.609628676622151,7.966143608141067],[5.60162544335958,7.963707447240949],[5.59884166840834,7.958487988030299],[5.59884166840834,7.951876639994964],[5.60197353405141,7.942829608599595],[5.604061604259698,7.926475047785289],[5.608584881187369,7.910816669253904],[5.614152431089849,7.865581037434993],[5.623199463384594,7.842963219277181],[5.630506991904213,7.834959984215971],[5.642685889841971,7.828696252030454],[5.658838748909204,7.827678204185816],[5.668435097002146,7.829044341822964],[5.710191250026242,7.830088139056443],[5.728981495099958,7.828348637080012],[5.737289428564338,7.821079254204278],[5.746031761556594,7.80503463843786],[5.755774975234942,7.795639514552022],[5.767953873172758,7.787636280390075],[5.791615485866032,7.782068728688898],[5.773028373360773,7.747318744964161],[5.780241965894049,7.745772839145275],[5.801024436828357,7.733303547420803],[5.816439152145222,7.727849007225927],[5.822185040307431,7.733086586876539],[5.827743052899621,7.734040736990494],[5.842608452418176,7.728582859411461],[5.850026130801325,7.728624344238142],[5.889812945710901,7.74361848800288],[5.919446945320317,7.750246048116651],[5.92873907075159,7.746604443140598],[5.930603979590046,7.744768144434374],[5.930624485032013,7.741074562241295],[5.926039695375664,7.73181533760777],[5.921491145699861,7.716093063144399],[5.923391818777475,7.707793236168982],[5.929021834689991,7.69582128482449],[5.935671329268473,7.667233466551295],[5.937628268429876,7.648777007552894],[5.968466759733246,7.605549811874369],[5.972216606211475,7.59818410890955],[5.975945949945697,7.594511032158437],[5.981575966757532,7.582538605072614],[5.996539116287238,7.559537411322538],[6.004090308920695,7.535572052608188],[6.004125594720449,7.529235839562375],[6.012996197116877,7.53340578095208],[6.023499010570902,7.547309875350493],[6.022953986337427,7.549645901237398],[6.025364876288052,7.558952807925778],[6.028888225811045,7.565337180566473],[6.043387889939197,7.577459812420443],[6.048503875853214,7.580123900197862],[6.118761062573014,7.59141683641792],[6.129910893273177,7.564511798980391],[6.133570670849849,7.552076817291322],[6.138349055764365,7.550453186665266],[6.164177895193745,7.550241947607844],[6.166984081250405,7.54524647714328],[6.162255764292127,7.533936977209805],[6.150588988890775,7.518876075870253],[6.128605842985337,7.505064963277505],[6.114750862362484,7.498765945292178],[6.110102176774092,7.494141101630589],[6.108335972127463,7.490657806112893],[6.108257771578963,7.484245776621322],[6.11014980397033,7.457177425897555],[6.112411976631449,7.448655128231621],[6.118698119922328,7.446270942749834],[6.127882003851425,7.446197032866849],[6.142848015023901,7.44957208598305],[6.159730580402027,7.447554456972682],[6.170909881885564,7.444097042144847],[6.175953865378631,7.434145927692441],[6.179922104121829,7.430033206567259],[6.182785033802304,7.429427147145191],[6.186272144244128,7.432896137147054],[6.186916827749428,7.438720226757084],[6.208865165395139,7.449615954912417],[6.219553444236112,7.457786794824756],[6.226923943285385,7.47103691122453],[6.23788690475692,7.475611209389854],[6.259168146892534,7.478933810447018],[6.267814157997066,7.481779099026255],[6.281152887295946,7.501041969311473],[6.295480889731323,7.499175627852992],[6.356912778302103,7.414877315235969],[6.379771711895046,7.398233711416708],[6.423872950576254,7.417540847232374],[6.428203108886407,7.415325460901329],[6.427671908132083,7.410523890565173],[6.432164191724098,7.402327061145002],[6.432106018178217,7.397664070040832],[6.422241210763332,7.388999939395717],[6.426746844791126,7.381968020707632],[6.432457923794175,7.379590988433392],[6.434144020430267,7.376661776919491],[6.435657977833444,7.359745025612483],[6.442511081621149,7.35677385263125],[6.450531959582293,7.355543136706444],[6.466869830778137,7.36531877544121],[6.472981930072081,7.360606193920773],[6.485763073407156,7.341996192770125],[6.497326851253206,7.33301019656335],[6.499551773095902,7.32716322010657],[6.498295784422965,7.3184289927039],[6.499925137435184,7.310838222705854],[6.499695778837179,7.292187215167871],[6.508111954702997,7.276380061790462],[6.508032799973762,7.269968033198211],[6.511441232327059,7.26702499370856],[6.51488494868147,7.266996861116297],[6.529881000807563,7.272704124295956],[6.544260025379913,7.274919033086974],[6.569521904312467,7.275294782428318],[6.637670039640682,7.294242953849277],[6.669155121012068,7.239996051276819],[6.674722195173217,7.232915018813117],[6.683232783666085,7.229867076104711],[6.685336431930864,7.223010159191517],[6.693305016113641,7.216476058423382],[6.700792788556384,7.178488255428704],[6.715768813679858,7.135699272403542],[6.715768814579178,7.120723248179388],[6.711490154147327,7.104677200692322],[6.690095424764081,7.068306922826253],[6.677258967727255,7.0340757373055],[6.679398536713165,6.96882247917415],[6.672980309094044,6.93566131601699],[6.652655602074447,6.907848358115302],[6.646236896915298,6.885384561448404],[6.621633530363169,6.841525555160274],[6.614145278581816,6.830828668008678],[6.610790253367554,6.822104931197657],[6.620317936423703,6.80012798341977],[6.623661041124194,6.79599618857327],[6.623548984697948,6.790752888335192],[6.631689072292886,6.769058228754318],[6.626187802425193,6.731467723756509],[6.621603489409551,6.722299098624546],[6.617936134145339,6.704879283652076],[6.628021717028673,6.67462348918275],[6.652776241630306,6.634282111830032],[6.659196425274843,6.607753262603012],[6.661944865862893,6.572853565139951],[6.661695818407338,6.557928405671419],[6.672033235745289,6.5675242519427],[6.715736329268225,6.560348269956762],[6.764108181247593,6.56360292363604],[6.793305873867041,6.572318553958155],[6.808122635351367,6.580162525380274],[6.808993815812016,6.615897178611931],[6.79897069893866,6.679522037911795],[6.800278187288541,6.693467139596862],[6.806379317551489,6.70305442791954],[6.833833694169698,6.722229003665632],[6.860965587392002,6.753429071894175],[6.868260859950794,6.755348681996111],[6.87828397772347,6.760578156057079],[6.896804810193885,6.792390822678385],[6.912057400228889,6.800670623550502],[6.923388003653486,6.801978111001063],[6.92543492718022,6.792541439335992],[6.929928002175586,6.786487314837757],[6.944765314967356,6.798650740839093],[6.952399185873787,6.808094117849294],[6.952182292778616,6.827945710426263],[6.963210582802219,6.844488620753282],[6.97817802389676,6.850002767114063],[6.986843108722553,6.844488620753282],[6.989994525626912,6.833460330729736],[6.989994525626912,6.823219299131381],[6.985336650765873,6.798799038145148],[6.986094808928328,6.788585116609909],[6.990782260692811,6.785407066283142],[7.004961490980065,6.785407066283142],[7.020716667140505,6.789345740713429],[7.030169963672961,6.785407066283142],[7.041985988762406,6.783043861085389],[7.055377959725092,6.786194801349041],[7.060104370120655,6.794860362815541],[7.081373691742556,6.800374508277002],[7.093190192573388,6.819280623801774],[7.101067543232602,6.828733443693523],[7.112884044962755,6.837399006059343],[7.119973659656694,6.848427296082889],[7.134153365685336,6.854729652351637],[7.146757603380763,6.864182472243328],[7.156210423272455,6.883088588667476],[7.170144404840471,6.883862673823387],[7.175904273863182,6.896480559630163],[7.187720775593391,6.901206970025669],[7.210115060961357,6.903500398624544],[7.215421347017582,6.915456644208803],[7.217777169680687,6.92533943266875],[7.232916608814492,6.929730423820047],[7.238924502763666,6.941382408071718],[7.238136767697711,6.957925320197432],[7.24128818460207,6.971317291160119],[7.257830620087077,6.980770111051811],[7.29327964773762,6.994162083813194],[7.312185764161711,7.005190372038101],[7.327153206155572,7.024096489361568],[7.370479583565952,7.041427134754485],[7.384659289594595,7.05166816815148],[7.3893856999901,7.065060139114166],[7.386762054725068,7.086116196405385],[7.394412447976151,7.092895961379554],[7.431851734669863,7.101550166207232],[7.435529141656616,7.097818853857063],[7.44240098911439,7.095924712555473],[7.45741783266692,7.095913224615686],[7.464718951718282,7.089233786210286],[7.470391429121207,7.093908550339393],[7.470174015318605,7.086845855951537],[7.482519749187134,7.081943080408905],[7.491006374344749,7.073725224839279],[7.502034664368296,7.068998814443773],[7.525667191187949,7.03591299109172],[7.530513762700025,7.032278060883868],[7.543581963336976,7.04012107812531],[7.580685615848552,7.027197360769605],[7.5931925765762,7.018025874894249],[7.601113796164782,7.016357899597438],[7.607784271027356,7.017608643424182],[7.611119270138261,7.027197360769605],[7.603615282919009,7.053045273920304],[7.599446296609358,7.079309940101723],[7.601947784262904,7.09056615790189],[7.618623733998163,7.10807561909462],[7.629879950899067,7.124751567930559],[7.637383938118319,7.132672786619878],[7.635451450623975,7.147128481993889],[7.643081219722546,7.158281663567948],[7.672369009122519,7.173702678635777],[7.68192339305017,7.185449448733095],[7.691022244281214,7.191829895833052],[7.702966018966663,7.188963582903057],[7.710073687550675,7.183112262720783],[7.718049202808515,7.183600029817569],[7.729324444867302,7.192704225719467],[7.767755885225995,7.206273519607294],[7.779389874043488,7.208916560550904],[7.784870359679417,7.214988727247999],[7.789968967094183,7.216886044055741],[7.797056197685436,7.233145237163001],[7.794219444571752,7.268652196441735],[7.801155285088385,7.292601656041654],[7.779129505022695,7.300683022403632],[7.76869506882241,7.301886573406705],[7.802608319718217,7.36428830705978],[7.797122582041595,7.375952186644156],[7.800116631977005,7.391777473052002],[7.799378785003,7.401134003431537],[7.79218887971308,7.409864057979917],[7.792887211375728,7.414913176601885],[7.776211261640469,7.419498920438855],[7.768290042951151,7.427002906758787],[7.76412105574218,7.433673383419944],[7.760786058429915,7.451600075183364],[7.758578387382727,7.492455959175231],[7.754532336598118,7.512884140390838],[7.755783081324182,7.530394076425523],[7.737407710597438,7.539083313444223],[7.737766889930072,7.567204043631762],[7.736204634436376,7.59938117220338],[7.731815974327787,7.612703556324107],[7.72625829898135,7.614466453264242],[7.72425571113223,7.620496190846552],[7.732554110883541,7.63901335498241],[7.752448081313958,7.63973120463146],[7.752448082213277,7.647782803433699],[7.754673958236651,7.647728443912627],[7.752635479343951,7.744198798935486],[7.744690417828565,7.768656730723592],[7.692851066923254,7.838631152605672],[7.669752598004038,7.884828567984073],[7.663638114607352,7.905889033751976],[7.664317608171132,7.935101986067878],[7.676837921133199,8.014471054295768],[7.677225590088938,8.0166263578202],[7.624914168853877,8.029534339738063],[7.583472729083212,8.037686348746035],[7.505344868271095,8.047198296364343],[7.458525968298829,8.046612540936053],[7.450995444783985,8.048606492595582],[7.44578695280569,8.046949006991156],[7.432442188156529,8.047780610986479],[7.393178463015715,8.04394970141766],[7.305553913382425,8.027669527127046],[7.289005006375987,8.02221023491444],[7.253840922620554,8.015047072764219],[7.195903302195688,7.993021487851422],[7.117855072753457,7.959024905774811],[7.072845458551114,7.942744732383517],[7.035497190443039,7.923113346004186],[7.006289005433302,7.902523517946065],[6.966546535194482,7.879061221997858],[6.963587761166309,7.879294872160642],[6.959910392850418,7.896760464423949],[6.954395294107599,7.905033587829848],[6.952556610399313,7.91790342320445],[6.960829734704532,7.942722797019542],[6.963587761166309,7.960188389282791],[6.978295326068519,7.985927581592648],[6.979214667922633,8.000635147394178],[6.97278022822502,8.01993942336577],[6.970941543617414,8.030051231379275],[6.987028599290454,8.077852248582474],[6.987028599290454,8.092559814384003],[6.983351230974563,8.11554145777211],[7.002655506046835,8.167018890009842],[7.0008172989792,8.18172740909273],[6.992543697133954,8.195515633040088],[6.979674339299379,8.21114349397709],[6.972320556848274,8.224931717025186],[6.970481873139988,8.245155334850892],[6.964966296857142,8.26537895177728],[6.953016280876682,8.283763884995324],[6.941065788255571,8.292956352054034],[6.934631347658637,8.30122947815795],[6.934631347658637,8.31042194431734],[6.941985130109742,8.322372436938451],[6.951177597168396,8.346272468899372],[6.955773829798432,8.359142303374654],[6.957612514406037,8.374769211929618],[6.969562531285817,8.391315459640794],[6.980814908980904,8.443727660703019],[6.977416200996913,8.443944557395469],[6.940821987444792,8.458870420133849],[6.827889919184486,8.457550048995586]]]}},{"type":"Feature","properties":{"state":"Edo","focus":false,"c":[5.7581,6.6155]},"geometry":{"type":"Polygon","coordinates":[[[5.134438283899726,6.169372793020045],[5.133102417442672,6.164677619676468],[5.14177535964518,6.154955252283116],[5.143491745447761,6.151237964860229],[5.142962932393459,6.143306732219969],[5.145542144854176,6.141641616767231],[5.154594897736388,6.14418792663156],[5.157862185991121,6.146707058084303],[5.161456108012999,6.142713546592972],[5.163980943865511,6.145965560762079],[5.162909031126958,6.1479306226002],[5.164251804377329,6.159086703588571],[5.168694495754437,6.16357469561575],[5.181912421820869,6.156877518083036],[5.182441234875114,6.154410362048623],[5.180645938059627,6.149358471716141],[5.184027194699297,6.147360324719273],[5.189668158958398,6.151941794977915],[5.193720817961434,6.151766300374504],[5.198831557230619,6.147007941563288],[5.20259395824462,6.145440536551575],[5.205974674391769,6.147819651655652],[5.206199935678512,6.151631590025886],[5.210404636764622,6.153056126938736],[5.222382314092556,6.147946124214286],[5.222781903562066,6.143952612722956],[5.218388802601226,6.140757804429199],[5.217190988373488,6.135566001170048],[5.230544089737975,6.118752002802751],[5.233738898931108,6.112362385315862],[5.232443417429806,6.100299338044067],[5.234839523425308,6.072744350671314],[5.234040821127053,6.064757327688596],[5.240031325785083,6.061562520294103],[5.257602775447765,6.064357739118407],[5.270169735345064,6.054296017047591],[5.26826906226745,6.052536011427833],[5.263137568444051,6.031021864667366],[5.25574659183178,6.010848792337924],[5.248584974716834,5.984231742101258],[5.249889601424002,5.967705042953412],[5.254238832556098,5.954657347758427],[5.256848086869752,5.947698863211997],[5.269026029727513,5.936826021903414],[5.270486105149701,5.916543277250469],[5.275984516072583,5.906816275650669],[5.292076815692553,5.909860881874238],[5.30512403424683,5.917254241689932],[5.315937270288828,5.932292731924065],[5.341302873428901,5.956155778366508],[5.350001334793831,5.960939884767924],[5.358699322216012,5.969638347931436],[5.345217228392414,5.975292205770756],[5.339998245822414,5.98268556738509],[5.336518764329583,5.984425546002171],[5.32695054972811,5.98268556738509],[5.32695054972811,5.994428634973588],[5.323036193865278,6.00530147628217],[5.32738542589675,6.018349170577835],[5.334343908644541,6.021393299261376],[5.340436443187343,6.020022534612337],[5.344359383079109,6.017407083070452],[5.367845043414093,6.020886563664021],[5.390411839434876,6.019026898772381],[5.401897891574492,6.023089551941325],[5.413356766201844,6.02145256998017],[5.4180312002797,6.011584425181127],[5.417561039210625,6.009370470570786],[5.428089602952866,6.00704731937833],[5.433328135884835,6.009993696252138],[5.433655246292631,6.01424994467925],[5.433328135884835,6.019160889663397],[5.429398997865519,6.024726533902481],[5.429726584914022,6.031929159203401],[5.442778489835462,6.041352430969937],[5.452094555219617,6.034297942895819],[5.453403949232893,6.025130748585241],[5.45619106336693,6.022396564050212],[5.465517997957306,6.027750015051197],[5.478940964054289,6.027095317594899],[5.489745140326022,6.03004169536797],[5.491382122287177,6.03855419222225],[5.494328499160929,6.041828156144561],[5.497275351776125,6.042482852701539],[5.500876427005551,6.036589622313272],[5.512989998189937,6.035280228299939],[5.518883227678884,6.027422428002694],[5.515282154248041,6.02185678466293],[5.519210814727387,6.016291142222485],[5.523467064053818,6.012690066993059],[5.532633780824369,6.011707783387521],[5.534598350733347,6.009743214377863],[5.532306671315894,6.004177570138779],[5.536596774721431,5.98990201976244],[5.546327591245415,5.985361575676222],[5.57127380364318,5.99088382672727],[5.583425998910798,6.011096001579233],[5.593595028088146,6.018115997055645],[5.605134009826713,6.02306604366305],[5.61600780531603,6.0245428087037],[5.626190185828477,6.02878904407919],[5.657452105830089,6.033209801890905],[5.668930054178702,6.052030087018977],[5.698933124763926,6.033555984221323],[5.74528503377735,6.008975982955292],[5.79505681991634,5.979569912021873],[5.812038897976834,5.983871936840444],[5.822996139760107,5.966627120944906],[5.830506801747561,5.959753990154582],[5.835303782843368,5.951471806079041],[5.83331012706077,5.941052913760984],[5.921317100803606,5.877292156108183],[5.906504154243351,5.843882083991048],[5.906404018330818,5.825979233255055],[5.902400970428516,5.811059951755396],[5.894185114951142,5.798591687056785],[5.902640819618171,5.794611930696078],[5.906779765873523,5.781470777054778],[5.906148911243292,5.770370007070198],[5.924606800163758,5.748332024103661],[5.94093704241061,5.746387004556652],[5.958599090675534,5.750695229301414],[5.981730937033149,5.748114109378719],[6.004464625642015,5.760642052188985],[6.01566219325565,5.764347075557112],[6.03978013994157,5.76461076667357],[6.061857223631989,5.77513313318758],[6.073625564867996,5.786473273922525],[6.075937270388749,5.786094188995662],[6.093735217906044,5.794122219265034],[6.101854800958336,5.803205013100921],[6.1208791728356,5.839725018195054],[6.151937007886659,5.857713222687153],[6.17970991088373,5.882215976686041],[6.201406002185308,5.896959781568739],[6.207487106344956,5.90602588668537],[6.217640876725113,5.916512012319572],[6.229115009250336,5.93602609742652],[6.233819961821837,5.948546886129918],[6.245960235676364,5.97153282198218],[6.247943878407284,5.984033107941627],[6.25663995656879,6.016697884000223],[6.240956782829301,6.026277064934675],[6.232762814152579,6.033836841597008],[6.243274393298634,6.053020789178106],[6.244851975937991,6.053682279213888],[6.240929196125535,6.055820748328927],[6.220484866683307,6.053136716286474],[6.195523070833076,6.054463880903427],[6.169303894159441,6.082546234321285],[6.163812159803399,6.094288826168452],[6.14808320967245,6.114270209802385],[6.134387016047981,6.135653018671917],[6.115742206637549,6.199992179795288],[6.112161160209439,6.240878104740773],[6.084858894022773,6.263535022723147],[6.07663202274972,6.27872276264543],[6.086105823824767,6.289205074254824],[6.086041926993403,6.303767204393012],[6.08801698659471,6.318346977431133],[6.11304283126168,6.349068164764049],[6.126613139584776,6.356115817990656],[6.140926838303017,6.348607062565918],[6.167523860637687,6.331490992715203],[6.18049001700075,6.32119703331648],[6.188703060298053,6.309475899293375],[6.193511008626217,6.298419952418897],[6.197598933643917,6.282746315090435],[6.212637901418077,6.279160976198114],[6.236330985886354,6.30363082939931],[6.253943920375661,6.319034099943792],[6.261365890323646,6.3322720530129],[6.281655788184139,6.357406139182046],[6.290318012266482,6.361868381820386],[6.312781334091369,6.367324828578035],[6.322375298081568,6.373044968250724],[6.336294651277171,6.378173351319163],[6.349565983583318,6.37877607335713],[6.357560157974945,6.384293556202692],[6.370153904179404,6.383304119389663],[6.37992095888518,6.3854808807381],[6.412735939711922,6.396037102230537],[6.43126201612921,6.406817913216173],[6.436604023257132,6.416059017409793],[6.448867798310289,6.428103923557273],[6.466182709164741,6.440909863899151],[6.480507851755988,6.447825909438222],[6.502198218872763,6.463956833141367],[6.50962591210623,6.47580814403068],[6.520029068087069,6.483035565439025],[6.523318768346542,6.487541198567499],[6.540155888283664,6.492012024335509],[6.575504780021618,6.495079994046534],[6.585692882920284,6.497939110601521],[6.608807087277285,6.499517918117476],[6.622426032735291,6.49547100128575],[6.632654189639197,6.489315033062383],[6.646256923917974,6.4887337679491],[6.659813880905915,6.498556137256003],[6.668920994208577,6.50123405570713],[6.661695818407338,6.557928405671419],[6.661944865862893,6.572853565139951],[6.659196425274843,6.607753262603012],[6.652776241630306,6.634282111830032],[6.628021717028673,6.67462348918275],[6.617936134145339,6.704879283652076],[6.621603489409551,6.722299098624546],[6.626187802425193,6.731467723756509],[6.631689072292886,6.769058228754318],[6.623548984697948,6.790752888335192],[6.623661041124194,6.79599618857327],[6.620317936423703,6.80012798341977],[6.610790253367554,6.822104931197657],[6.614145278581816,6.830828668008678],[6.621633530363169,6.841525555160274],[6.646236896915298,6.885384561448404],[6.652655602074447,6.907848358115302],[6.672980309094044,6.93566131601699],[6.679398536713165,6.96882247917415],[6.677258967727255,7.0340757373055],[6.690095424764081,7.068306922826253],[6.711490154147327,7.104677200692322],[6.715768814579178,7.120723248179388],[6.715768813679858,7.135699272403542],[6.700792788556384,7.178488255428704],[6.693305016113641,7.216476058423382],[6.685336431930864,7.223010159191517],[6.683232783666085,7.229867076104711],[6.674722195173217,7.232915018813117],[6.669155121012068,7.239996051276819],[6.637670039640682,7.294242953849277],[6.569521904312467,7.275294782428318],[6.544260025379913,7.274919033086974],[6.529881000807563,7.272704124295956],[6.51488494868147,7.266996861116297],[6.511441232327059,7.26702499370856],[6.508032799973762,7.269968033198211],[6.508111954702997,7.276380061790462],[6.499695778837179,7.292187215167871],[6.499925137435184,7.310838222705854],[6.498295784422965,7.3184289927039],[6.499551773095902,7.32716322010657],[6.497326851253206,7.33301019656335],[6.485763073407156,7.341996192770125],[6.472981930072081,7.360606193920773],[6.466869830778137,7.36531877544121],[6.450531959582293,7.355543136706444],[6.442511081621149,7.35677385263125],[6.435657977833444,7.359745025612483],[6.434144020430267,7.376661776919491],[6.432457923794175,7.379590988433392],[6.426746844791126,7.381968020707632],[6.422241210763332,7.388999939395717],[6.432106018178217,7.397664070040832],[6.432164191724098,7.402327061145002],[6.427671908132083,7.410523890565173],[6.428203108886407,7.415325460901329],[6.423872950576254,7.417540847232374],[6.379771711895046,7.398233711416708],[6.356912778302103,7.414877315235969],[6.295480889731323,7.499175627852992],[6.281152887295946,7.501041969311473],[6.267814157997066,7.481779099026255],[6.259168146892534,7.478933810447018],[6.23788690475692,7.475611209389854],[6.226923943285385,7.47103691122453],[6.219553444236112,7.457786794824756],[6.208865165395139,7.449615954912417],[6.186916827749428,7.438720226757084],[6.186272144244128,7.432896137147054],[6.182785033802304,7.429427147145191],[6.179922104121829,7.430033206567259],[6.175953865378631,7.434145927692441],[6.170909881885564,7.444097042144847],[6.159730580402027,7.447554456972682],[6.142848015023901,7.44957208598305],[6.127882003851425,7.446197032866849],[6.118698119922328,7.446270942749834],[6.112411976631449,7.448655128231621],[6.11014980397033,7.457177425897555],[6.108257771578963,7.484245776621322],[6.108335972127463,7.490657806112893],[6.110102176774092,7.494141101630589],[6.114750862362484,7.498765945292178],[6.128605842985337,7.505064963277505],[6.150588988890775,7.518876075870253],[6.162255764292127,7.533936977209805],[6.166984081250405,7.54524647714328],[6.164177895193745,7.550241947607844],[6.138349055764365,7.550453186665266],[6.133570670849849,7.552076817291322],[6.129910893273177,7.564511798980391],[6.118761062573014,7.59141683641792],[6.048503875853214,7.580123900197862],[6.043387889939197,7.577459812420443],[6.028888225811045,7.565337180566473],[6.025364876288052,7.558952807925778],[6.022953986337427,7.549645901237398],[6.023499010570902,7.547309875350493],[6.012996197116877,7.53340578095208],[6.004125594720449,7.529235839562375],[5.99454879788874,7.527143955329336],[5.987115859809137,7.529537200581387],[5.975643158105299,7.53021287922104],[5.967428207345961,7.51570701606596],[5.965109825258253,7.513978003781915],[5.962800026300215,7.512831210791774],[5.954218864409086,7.515233040972134],[5.952970982225111,7.507081985245463],[5.948815822991889,7.496039867246111],[5.948134898606725,7.487301826717953],[5.95325803772829,7.483763218397883],[5.963303089066358,7.460363865100362],[5.971339226723956,7.460299014987584],[5.984490870956961,7.456110001675313],[5.986714840417619,7.450263977600514],[5.987182139843924,7.441515923121415],[5.981406213426055,7.438648224336134],[5.975586891122191,7.432283877798795],[5.971411228245643,7.419494152233369],[5.968483924193777,7.414854050673966],[5.970127105181803,7.408429145588627],[5.974661826881857,7.403728007941254],[5.974051953434923,7.400818825228669],[5.975708960600116,7.395558833573375],[5.979677200242634,7.391446114246833],[5.974970817749067,7.382157802840368],[5.974884985553672,7.375164031594807],[5.978241920028609,7.368141173576362],[5.986794949327475,7.363408089311918],[5.986694813414942,7.355247973814983],[5.97856617059233,7.347735881905464],[5.957695006719234,7.344322205605351],[5.95044803584824,7.344475269318252],[5.919308186223873,7.337144852153244],[5.917542933959282,7.333662033276255],[5.918569087393507,7.323742867239559],[5.916209221378494,7.318517208102719],[5.92404413213103,7.302131176412729],[5.923961163377044,7.296279906592474],[5.907061099889916,7.274871825874129],[5.904650210838611,7.265564919185692],[5.896522044656706,7.258053779658269],[5.895890235845741,7.253396033400293],[5.898660182821232,7.245212077775193],[5.897339821575542,7.23123312021238],[5.904098987578266,7.22068500520885],[5.903481007642426,7.217193126561597],[5.884325027178306,7.199862003628596],[5.883665084875815,7.192872047307162],[5.893909929599602,7.185792922305552],[5.893875121339818,7.182878969588842],[5.882308960290345,7.175979137027582],[5.872960090335937,7.162648201253546],[5.871696947556131,7.153330803074141],[5.868175030653163,7.14694786125483],[5.867528915427158,7.141123773443439],[5.862779139745555,7.128338813385596],[5.860455036171004,7.126026153684109],[5.844311236874148,7.120328903556128],[5.842559812585307,7.118010997209808],[5.843033791276468,7.109847068587385],[5.850976944430499,7.102203845631038],[5.854922771169015,7.096343040299132],[5.849707126882436,7.09230518323767],[5.829487800621564,7.081976891320551],[5.823740959177997,7.08144092595802],[5.815583228683124,7.07159805300779],[5.809593200665745,7.05124521339593],[5.804257870104664,7.048537253991128],[5.796177864416961,7.024290562159763],[5.792581080752313,7.021655082715938],[5.79400920865811,7.015619754947807],[5.793781280881433,7.005321026444278],[5.789217472408495,6.992368698057021],[5.788356780740912,6.98036003099071],[5.785642146567852,6.96834135087272],[5.792204379928251,6.955450535214084],[5.799811840444136,6.921328545376127],[5.797993658580538,6.914855002256616],[5.789725780020774,6.900958537706401],[5.787907599955815,6.894484996385529],[5.787108421016853,6.871396542316631],[5.778835771553645,6.858423710286047],[5.77422571184718,6.853781222825205],[5.771480083439144,6.847302436658197],[5.769666671579671,6.839905738559025],[5.777176856027154,6.823326588251518],[5.778134822863819,6.81779193824741],[5.770835399933787,6.796514034395216],[5.767152308332413,6.791876792679886],[5.757921218989111,6.784439087294118],[5.726479529906442,6.769490719021519],[5.714492798204105,6.757421016766557],[5.702557562581489,6.736117364424899],[5.667370796125397,6.727612018979528],[5.654348850319252,6.734927177347402],[5.640374659163228,6.746853352300434],[5.629253387334018,6.745868206152863],[5.620002270088719,6.74212360542009],[5.605238913944788,6.729115009150405],[5.589559077589399,6.714253902095948],[5.582198142830066,6.704056263685686],[5.576634883593044,6.704025745192041],[5.564489364892324,6.720578670369378],[5.561655997726177,6.72979641017622],[5.562521934239896,6.74088191956497],[5.561532974067575,6.751956462620683],[5.56321620906084,6.762380123144226],[5.561419962561274,6.772269725767273],[5.555774688750944,6.787012575569975],[5.545835018171601,6.804292202423255],[5.543577670373224,6.812798976891315],[5.54351091369773,6.824802399111491],[5.549027442362615,6.833143234272882],[5.553647993560105,6.835938930637212],[5.563836574898062,6.837841987817512],[5.571213244195917,6.845269680151659],[5.572089194660634,6.854508399343217],[5.570152283401228,6.869271277947178],[5.561751366332544,6.879381657837314],[5.555240153310478,6.883038998251209],[5.537059784381597,6.884796618868904],[5.272408009422122,6.888345749256985],[5.254822253344344,6.882708581036241],[5.208868503878421,6.810784644795547],[5.202496529291466,6.788748741061625],[5.202527521727802,6.783208847110643],[5.197015762167723,6.773944855170953],[5.19053554517933,6.772061825892592],[5.166505813892229,6.758078574966305],[5.150810717840386,6.745987890628726],[5.140693664980688,6.731158257147911],[5.126022815800354,6.70152902574398],[5.122329711147302,6.698738574225843],[5.122350215689949,6.695045471371429],[5.117775918423945,6.683939455641394],[5.112367152821889,6.656208515011031],[5.111583710220089,6.630350113067323],[5.114416598946946,6.621132374159799],[5.127551078719364,6.593504429286043],[5.128054143284146,6.588160992236055],[5.132228375339309,6.586143493627389],[5.136910440164741,6.577858925449107],[5.140639782100322,6.574186325338701],[5.147155763327874,6.56960534970716],[5.154583454762701,6.56780004523597],[5.162112236290739,6.561973094882489],[5.161934377369676,6.559301376357496],[5.164249896915237,6.554492473848654],[5.160687446668362,6.549861907800846],[5.162290572751772,6.546477794914324],[5.160331250386946,6.539175510341579],[5.155166148898729,6.533119678030744],[5.154809951717937,6.518871307864629],[5.150357246389831,6.51174688311221],[5.150179385670185,6.504622935899818],[5.153741360175673,6.501060486552262],[5.153385162095617,6.498033046587864],[5.147329807324809,6.489305496651411],[5.145370483161344,6.488771438750973],[5.139492989110181,6.480044364555852],[5.135752678143604,6.477016448850065],[5.133615494159756,6.472563744421336],[5.123463631241634,6.462768078683951],[5.117407798930799,6.459027765918734],[5.114023685145014,6.453328132587274],[5.102768742583464,6.441383590780163],[5.102590880964442,6.437821617173938],[5.107577644192986,6.434972037029922],[5.107399784372603,6.432478655865339],[5.104371867767554,6.430875528882609],[5.103659474305346,6.421257723864926],[5.109536968356451,6.413777578572422],[5.103693484866483,6.402212143275847],[5.098885058998349,6.397403239867685],[5.086036204807044,6.389211655293707],[5.075731277276645,6.377276897211061],[5.066113472258962,6.37656450284959],[5.052824974592966,6.384150982182121],[5.049193381769214,6.382441997800015],[5.047234057605749,6.372112274162191],[5.043849944719227,6.366590977291821],[5.039219378671419,6.36409711858721],[5.032392979352551,6.364906788117821],[5.02924537737232,6.363563060686772],[5.027820586850623,6.345218182373287],[5.028711318572562,6.341834068587445],[5.034945010703723,6.332928657931291],[5.035301207884459,6.328475951703865],[5.030136108194881,6.323132992193905],[5.021523476327445,6.318678856044414],[5.015364647360627,6.30897378890927],[5.012897014685507,6.302100182377558],[5.015618801166795,6.292353152875762],[5.021533011839097,6.285357475067485],[5.029640197736967,6.279189109689696],[5.037746906094867,6.277426719967195],[5.04796886397196,6.264913559313356],[5.049714088334554,6.251429558027723],[5.053448200274261,6.246833323599049],[5.063478468556525,6.248346806160214],[5.073347569334885,6.239534854849694],[5.072933674349656,6.231186389840047],[5.078811169300081,6.222615719439943],[5.077929973989171,6.220148087664143],[5.07454586020333,6.217686175576603],[5.075622559133819,6.213434218714269],[5.081807613230808,6.218033313886394],[5.087235928295513,6.214525699801243],[5.086137772440281,6.207841872704307],[5.089201927227236,6.201057433953451],[5.095841407854721,6.197087765288188],[5.098225594235828,6.198143482136061],[5.099816798906204,6.20217609435133],[5.103156089581944,6.20217609435133],[5.109939575051385,6.195427894681643],[5.112825870917277,6.19547414771381],[5.115489959594015,6.206108569754747],[5.119923592100122,6.207008838786919],[5.122467995401735,6.205872058848513],[5.12239503880005,6.201276301959808],[5.127111911885265,6.197025299278209],[5.128687382017119,6.189658642132656],[5.135913371704817,6.18666219730261],[5.135737419346469,6.182256221647378],[5.132036209103831,6.180846214181486],[5.137146950171655,6.176264286167907],[5.137675762326637,6.173091888080194],[5.133446216569666,6.172210692769283],[5.134438283899726,6.169372793020045]]]}},{"type":"Feature","properties":{"state":"Anambra","focus":false,"c":[6.9773,6.1774]},"geometry":{"type":"Polygon","coordinates":[[[6.601873333187825,5.687458521893291],[6.626002526795219,5.683523453744442],[6.653137033447365,5.681609277346297],[6.668868064609569,5.689925194092496],[6.679419999933089,5.695760000024052],[6.691257999956804,5.699708999570703],[6.694906234735015,5.746217728765203],[6.714305400873627,5.761296272105312],[6.730119594144014,5.750690390049499],[6.751369688260581,5.749550841997802],[6.761678866886257,5.75784617685963],[6.793964945625817,5.774196454203036],[6.800801804060086,5.784558646064738],[6.804370724029752,5.786072780634356],[6.81068086572941,5.787612914604381],[6.819803715369233,5.783531666153522],[6.848801612804209,5.764101028239907],[6.865512370799308,5.747912406732212],[6.872349261609202,5.744421004725609],[6.876645564940929,5.744104384909463],[6.87953042998538,5.745519638120868],[6.883652686622213,5.754102229934006],[6.885502337562855,5.787097453784497],[6.889758110248636,5.806298733100107],[6.891510962660846,5.80886983907186],[6.901359081356588,5.816838741614674],[6.908863067676464,5.820805550435864],[6.933353423621668,5.830395698602672],[6.948365687826254,5.838615894208203],[6.953899383649684,5.845466613893166],[6.955971240880103,5.850618839787671],[6.979471212126782,5.874508097870489],[6.996720790831887,5.899132728892369],[7.003111839140104,5.905193329408689],[7.009156226678556,5.907657622901013],[7.025525569649346,5.909841060816348],[7.031001091027576,5.912099360996763],[7.047820091424114,5.927196026575416],[7.053009033040496,5.929456710858574],[7.060201167749767,5.931416035022039],[7.075957298090884,5.93044662521163],[7.107727528402734,5.926209449606461],[7.11885309179678,5.921827315877977],[7.142893791215556,5.918504238180105],[7.164876938020313,5.911177158399198],[7.188812733321015,5.899531364181144],[7.191403866295445,5.900374888690237],[7.195188521932778,5.904941082165237],[7.202844619583573,5.920961856904228],[7.212119578755619,5.928934574371169],[7.22879743595297,5.932837963001646],[7.248618528022689,5.931852049732356],[7.256916523079099,5.934653758963861],[7.260983943554209,5.938930988574327],[7.256415844415756,5.950538635349801],[7.254629762053924,5.965185674978954],[7.264029979699842,5.991465091840553],[7.27259588189446,5.997651576758926],[7.318281651377163,5.998603343669402],[7.322564601575152,6.00383853921727],[7.333034515130805,6.031440258061536],[7.338269234037966,6.036199092614083],[7.339062690590765,6.042149544166193],[7.303809242102886,6.045017242052154],[7.299537386840996,6.048146257743667],[7.297211831760649,6.052591210915693],[7.297342593186158,6.056205451320579],[7.300571385960723,6.065554491246814],[7.303917596020312,6.071013732198026],[7.309636090832953,6.076458569607325],[7.309481081886474,6.078960749738883],[7.284896134349196,6.077741556827448],[7.261300592148643,6.079419043354221],[7.254803181022055,6.104719639000166],[7.249721050086464,6.106487751108887],[7.248377800195385,6.108726025185945],[7.239712715369592,6.114240169748086],[7.229471683771237,6.127632140710773],[7.223957539209096,6.142599582704634],[7.221594334011343,6.157567023799174],[7.224745274275051,6.178836347219715],[7.223957539209096,6.191440104677156],[7.208990097215235,6.202468873140049],[7.204263686819729,6.208770751868769],[7.20347595175383,6.218224049300488],[7.199536799783516,6.234766961426203],[7.189296245725188,6.239493370023069],[7.150612371963462,6.228644272615156],[7.150740028929249,6.229958853918049],[7.143441514314475,6.23555519471654],[7.145279409317311,6.236325364224228],[7.145463520325279,6.240359790372054],[7.142341498661267,6.24386191679406],[7.144837204573378,6.246026194653211],[7.14548185570311,6.250001958923292],[7.148446915093132,6.251020725326271],[7.147022388072799,6.255830215092374],[7.149125099243975,6.262474536770526],[7.142588615272416,6.289057255388059],[7.150432586694592,6.296901702551565],[7.160240612714176,6.303374831982978],[7.161759235800162,6.315592934966048],[7.158941497951844,6.322989087176666],[7.152319655727581,6.328936895621268],[7.141934871996796,6.359654902951434],[7.141812381636157,6.379890936817333],[7.143867590616878,6.388251376300047],[7.130693286166263,6.399374732757735],[7.115351676738555,6.401490210704708],[7.099976105313033,6.418653822316116],[7.089444361568098,6.426258469752611],[7.07062880417601,6.428777287341973],[7.063539685907813,6.427917762994412],[7.064800738663223,6.437224864835684],[7.038653373754244,6.440243888045018],[7.03224207271353,6.442438967684268],[7.033205985867596,6.466858386905074],[7.036256312678745,6.47383070032663],[7.045408249091452,6.471216202066103],[7.049659251773107,6.474356650838786],[7.046279429552101,6.500849724135492],[7.046279429552101,6.512179851818757],[7.0484585759026,6.527432441853762],[7.055431365964807,6.545300007689264],[7.063275337386983,6.554887295112621],[7.078092097971989,6.557501793373092],[7.08419434879022,6.562295437084799],[7.092037200556433,6.575804710219245],[7.10946846030123,6.593236445705429],[7.115569592362874,6.603259562578785],[7.117748736914734,6.61546134916199],[7.124721050336234,6.625920296384606],[7.131693840398441,6.64335155523014],[7.13256549839906,6.652067661293586],[7.129078864597943,6.659475803265764],[7.101624488879111,6.675600052200707],[7.090293883655875,6.677342891561239],[7.070247649909163,6.685623169074063],[7.0506377222531,6.682572364722887],[7.046279429552101,6.687366009333914],[7.016646385022682,6.706104754730688],[6.990934848664381,6.713077545692215],[6.956507682883284,6.710027217981747],[6.943870067749458,6.706104754730688],[6.939323224986879,6.703344310891282],[6.935648665253723,6.695632849176718],[6.93057519209151,6.695743029617176],[6.92687849824415,6.698492686088628],[6.922922389556675,6.699064654010613],[6.918727963224967,6.698635678293954],[6.913103616638637,6.695442192902931],[6.909815110678835,6.696418646203597],[6.860965587392002,6.753429071894175],[6.833833694169698,6.722229003665632],[6.806379317551489,6.70305442791954],[6.800278187288541,6.693467139596862],[6.79897069893866,6.679522037911795],[6.808993815812016,6.615897178611931],[6.808122635351367,6.580162525380274],[6.793305873867041,6.572318553958155],[6.764108181247593,6.56360292363604],[6.715736329268225,6.560348269956762],[6.672033235745289,6.5675242519427],[6.661695818407338,6.557928405671419],[6.668920994208577,6.50123405570713],[6.673863887608377,6.468333243584368],[6.681765079295019,6.455741882382029],[6.692131042014012,6.418381214421572],[6.699773788329708,6.381690025174578],[6.707312106268716,6.368577003226164],[6.712820052703307,6.353365898017842],[6.722107456693834,6.282715410787603],[6.723134636254485,6.265575642901638],[6.726152896838755,6.259857178665925],[6.731006144917728,6.239092827272202],[6.742698193067213,6.209370135623317],[6.753652095667746,6.192818164626658],[6.767301082978634,6.181836129433862],[6.769402026981993,6.167984008655139],[6.760651111759444,6.147799969093342],[6.755330085814876,6.120709896144831],[6.749240875166322,6.113724232287552],[6.722111224853165,6.097548007934279],[6.713315964060541,6.087072848633113],[6.704537202230142,6.081095483070158],[6.699099557598572,6.060996256771887],[6.703152852422249,6.051150246986367],[6.720231323416897,6.045729509609203],[6.725514463621664,6.040748672013649],[6.726493835222357,6.028930187278377],[6.724527836290633,6.012269973880223],[6.716506004148812,5.980997085746935],[6.715875148619261,5.969895840920344],[6.709439321267723,5.959330717938315],[6.700139110931275,5.929344791129267],[6.686027920652066,5.904795177055803],[6.673549187844799,5.889146084024617],[6.660915851685274,5.856529237334485],[6.657929897446877,5.840404510859514],[6.650763512126446,5.817113399963489],[6.647247197100512,5.785312883183053],[6.648280593674485,5.771679867831665],[6.643630027603763,5.747325420132086],[6.639077859955307,5.739461142917435],[6.600627332385557,5.706621920865018],[6.601873333187825,5.687458521893291]]]}},{"type":"Feature","properties":{"state":"Ekiti","focus":true,"c":[5.3484,7.7659]},"geometry":{"type":"Polygon","coordinates":[[[5.773028373360773,7.747318744964161],[5.791615485866032,7.782068728688898],[5.767953873172758,7.787636280390075],[5.755774975234942,7.795639514552022],[5.746031761556594,7.80503463843786],[5.737289428564338,7.821079254204278],[5.728981495099958,7.828348637080012],[5.710191250026242,7.830088139056443],[5.668435097002146,7.829044341822964],[5.658838748909204,7.827678204185816],[5.642685889841971,7.828696252030454],[5.630506991904213,7.834959984215971],[5.623199463384594,7.842963219277181],[5.614152431089849,7.865581037434993],[5.608584881187369,7.910816669253904],[5.604061604259698,7.926475047785289],[5.60197353405141,7.942829608599595],[5.59884166840834,7.951876639994964],[5.59884166840834,7.958487988030299],[5.60162544335958,7.963707447240949],[5.609628676622151,7.966143608141067],[5.614152431089849,7.962316035956349],[5.627027034669936,7.957096100104991],[5.634334564088931,7.958487988030299],[5.645469665692588,7.963011741598621],[5.647209166769699,7.966143608141067],[5.647557259260168,7.986158371911358],[5.650732993832662,7.990740775666325],[5.656952381347367,7.994328976201359],[5.663215636892176,8.000244141054338],[5.668087482051703,8.002331734621919],[5.667391299768724,8.008595466807378],[5.662519932149223,8.015206337302686],[5.650689124903238,8.023557663055726],[5.647209166769699,8.040956496844899],[5.639902114890731,8.053831100424986],[5.64303350389315,8.059050559635693],[5.653820514804977,8.064270020644983],[5.659736156298607,8.06983757144684],[5.656256676604414,8.07470893906634],[5.624591351309846,8.07262134639808],[5.599189758200851,8.073665619372889],[5.576571940942358,8.071229935113479],[5.550822258040796,8.051047324574427],[5.545255183879704,8.044088364286608],[5.537599563768879,8.04060840615307],[5.516025542844602,8.022166251771125],[5.508718490965634,8.017642974843454],[5.505934715115075,8.018686295436225],[5.503847122446814,8.023557663055726],[5.507326603040326,8.03712844801953],[5.507326603040326,8.04547977377257],[5.513589858585135,8.083756447102417],[5.513937950176285,8.1112461104197],[5.497963905110169,8.11066436776639],[5.44906330123041,8.105895995903552],[5.39825773180894,8.103638649004495],[5.387344359854353,8.102132797190905],[5.371161938272905,8.096487999121905],[5.364011288390316,8.090466499329523],[5.360624312961704,8.082940101904228],[5.358742713605409,8.073907851766023],[5.358742713605409,8.063370704894169],[5.361377238868499,8.04342460616067],[5.360624312961704,8.038532257357815],[5.351968765446202,8.025736809406283],[5.332399368436143,8.009554862666846],[5.317722321128258,8.007673264209814],[5.282862185741351,8.008471488968098],[5.262400627087345,8.012941359656054],[5.256755829018346,8.018210411081668],[5.230788708032492,8.021973609794316],[5.202939986791023,8.01708126099146],[5.195789336908433,8.018210411081668],[5.191649914012373,8.022350310618378],[5.188262938583819,8.02950000811893],[5.181865214608024,8.03627395627808],[5.142349719763786,8.061864853080579],[5.117887973051552,8.062618255628024],[5.084393977999753,8.02423191087405],[5.075738429584931,8.024984360140138],[5.072351455055639,8.0310058590332],[5.061813830643814,8.038155555634432],[5.05763292202181,8.039464951446405],[5.056488990674438,8.031078338994178],[5.053058146316459,8.0234546663998],[5.035522459993558,8.005156516859813],[5.032854079752042,7.996769427766935],[5.03323507304026,7.982283591614532],[5.031329155116453,7.976946353591416],[5.016461849035181,7.955217360592769],[5.001213550564955,7.946068286722095],[4.990539551159429,7.931201458180794],[4.949749947202349,7.903372764841265],[4.942035197566383,7.899925709304114],[4.937149047790399,7.889167785165228],[4.927299975813298,7.880373954294612],[4.924486159908383,7.874394416868881],[4.923782825317176,7.863490582224642],[4.916396140269683,7.857159138283635],[4.914134979345874,7.850375651914874],[4.911100863713955,7.850109576695672],[4.908579349957108,7.829799175191852],[4.915795803233777,7.822114468308087],[4.915795803233777,7.795795918346982],[4.914290428060838,7.783000468596811],[4.909398079257983,7.766441821932574],[4.904205799358181,7.757354735632589],[4.903000354382868,7.749883175268394],[4.893228530572287,7.73033523608234],[4.887947082891628,7.691927431705665],[4.880796908750369,7.667841910975483],[4.873270034684424,7.651283264311246],[4.86386156126207,7.622681618062245],[4.868001460798837,7.616283894086507],[4.883054733189454,7.611391544384333],[4.9022479060161,7.576392650800244],[4.917919159241876,7.529786587081389],[4.920206069554524,7.517206192212029],[4.93888568902338,7.478703976107681],[4.947844028379279,7.454688071897067],[4.952418804084573,7.447825909238361],[4.975672245078101,7.433721066374176],[4.984821319848095,7.42647838616864],[4.98710870680145,7.419235229322396],[4.99702024478853,7.415041924445291],[5.004573458198593,7.413932547748914],[5.008897818579499,7.425555032438865],[5.019958973427947,7.433166503931034],[5.048568248625827,7.457332611111156],[5.06524228999973,7.460195065050243],[5.078227995825387,7.459343909793631],[5.095885753424852,7.452054976555985],[5.126518726258269,7.445760726776143],[5.167345524376515,7.440446854039124],[5.181248187054223,7.441447258084565],[5.187743663739127,7.440559863746785],[5.192399979175718,7.436892032741184],[5.199147036706449,7.437373640381225],[5.217449664870173,7.434260845761457],[5.245270251720797,7.433491706876794],[5.264667217218346,7.438435669570538],[5.27956581161294,7.435528278307459],[5.294395447791715,7.436533928098356],[5.314757823814546,7.443110466075211],[5.320331097002565,7.441294670112995],[5.328809260439073,7.417334079604132],[5.34004831198007,7.397082329186219],[5.346626281677629,7.381421565652772],[5.354249476732036,7.344529629738645],[5.355233192058222,7.334378241662591],[5.354439258864772,7.310366154174744],[5.358230114428295,7.295613290421045],[5.388226031805971,7.28318691344532],[5.404620170884243,7.290330410120362],[5.412964820969762,7.290376663152529],[5.458335399659006,7.301708221657179],[5.473170279784654,7.301790237129808],[5.481499671972358,7.304606438036728],[5.504433632406233,7.316193105427544],[5.521214485360247,7.332527637440592],[5.533149719184223,7.353830814040862],[5.53683805473247,7.357544898977949],[5.546641575148612,7.373566698944046],[5.552476882901885,7.379792212640552],[5.575445651595601,7.417777061362358],[5.588349341948629,7.431698798660705],[5.599372863766689,7.450227260979375],[5.607496738383816,7.480200290610981],[5.610309124366665,7.484452248372634],[5.613771438701008,7.528792857804206],[5.612797737325764,7.537097931424455],[5.618211745075996,7.563905238635925],[5.624599456899489,7.582407951565756],[5.64297866863069,7.612056732432279],[5.655056475575918,7.628722667317277],[5.659388065606777,7.628963469788346],[5.67574262642114,7.623744010577695],[5.68096208743043,7.623744010577695],[5.688617229101908,7.632442951281234],[5.691401004952468,7.638010502083034],[5.694880962186687,7.671763420045863],[5.699404240013735,7.682898045008812],[5.716454983111021,7.700992584440257],[5.767605781581608,7.737181187561816],[5.773028373360773,7.747318744964161]]]}},{"type":"Feature","properties":{"state":"Osun","focus":true,"c":[4.5129,7.5982]},"geometry":{"type":"Polygon","coordinates":[[[4.609585762073323,7.031077861654069],[4.61229562804084,7.044020176090328],[4.613949776261222,7.080040454903099],[4.626796722091115,7.104118824224429],[4.635089873399011,7.113398551601904],[4.652644634342437,7.124576092212919],[4.672955513386285,7.140385627894489],[4.674789427989765,7.14408922223987],[4.671987055957914,7.147767067196469],[4.668217181577688,7.158826828095698],[4.671884535942638,7.166234015887198],[4.683927534628083,7.168147086119177],[4.703434467426803,7.161791801150741],[4.708982467866633,7.164592743260528],[4.715431689720731,7.172015189849162],[4.720866202912987,7.195129395105539],[4.72641897065904,7.197007178638444],[4.736561774706161,7.207220077644536],[4.746673106978335,7.222973347242203],[4.743928833848656,7.237617637643893],[4.741960627081312,7.240133225767806],[4.742917504838999,7.242585045663361],[4.734695399073473,7.28397389308077],[4.745480867647984,7.313828535058917],[4.754682872016986,7.361068429264662],[4.795955180787018,7.364520549783606],[4.806123734222979,7.370117187358346],[4.814457892817529,7.372009753947054],[4.860786438343496,7.377806664246179],[4.878397465370767,7.378827571934949],[4.909025668200059,7.373456954674793],[4.919224738331081,7.373513699197929],[4.943352222327235,7.369954108795127],[4.957239151365798,7.373723984074672],[4.974850655033777,7.374745369303412],[4.989670277261553,7.377597331751531],[5.006279945163385,7.392001629071956],[5.00413889769203,7.404258857060654],[5.004573458198593,7.413932547748914],[4.99702024478853,7.415041924445291],[4.98710870680145,7.419235229322396],[4.984821319848095,7.42647838616864],[4.975672245078101,7.433721066374176],[4.952418804084573,7.447825909238361],[4.947844028379279,7.454688071897067],[4.93888568902338,7.478703976107681],[4.920206069554524,7.517206192212029],[4.917919159241876,7.529786587081389],[4.9022479060161,7.576392650800244],[4.883054733189454,7.611391544384333],[4.868001460798837,7.616283894086507],[4.86386156126207,7.622681618062245],[4.873270034684424,7.651283264311246],[4.880796908750369,7.667841910975483],[4.887947082891628,7.691927431705665],[4.893228530572287,7.73033523608234],[4.903000354382868,7.749883175268394],[4.904205799358181,7.757354735632589],[4.909398079257983,7.766441821932574],[4.914290428060838,7.783000468596811],[4.915795803233777,7.795795918346982],[4.915795803233777,7.822114468308087],[4.908579349957108,7.829799175191852],[4.911100863713955,7.850109576695672],[4.914134979345874,7.850375651914874],[4.916396140269683,7.857159138283635],[4.923782825317176,7.863490582224642],[4.924486159908383,7.874394416868881],[4.927299975813298,7.880373954294612],[4.937149047790399,7.889167785165228],[4.942035197566383,7.899925709304114],[4.949749947202349,7.903372764841265],[4.990539551159429,7.931201458180794],[5.001213550564955,7.946068286722095],[5.016461849035181,7.955217360592769],[5.031329155116453,7.976946353591416],[5.03323507304026,7.982283591614532],[5.032854079752042,7.996769427766935],[5.035522459993558,8.005156516859813],[5.053058146316459,8.0234546663998],[5.056488990674438,8.031078338994178],[5.05763292202181,8.039464951446405],[5.053439617144647,8.057763100087072],[5.04962730375712,8.064624786105071],[5.044290542374654,8.0699615483868],[5.03971576666936,8.071867942951258],[5.032472608923797,8.0680561071037],[5.029041767263777,8.063862801327275],[5.020655153912287,8.059288024722605],[5.009981632046731,8.050139426593319],[4.998952800631287,8.030323020890762],[4.995157532094481,8.029532864849898],[4.98336396037854,8.032349306775131],[4.980479557585568,8.02692833197699],[4.977073568690287,8.025906894587536],[4.97318069043655,8.021380363912726],[4.971701372220593,8.023653903105185],[4.969192027190331,8.02421665207686],[4.970716475185213,8.032603263629767],[4.968429564872565,8.037559509263986],[4.966904640237033,8.046708107393272],[4.960805415637481,8.052426337805286],[4.949749947202349,8.055476187975728],[4.939457416826372,8.0680561071037],[4.926877498597719,8.07987308457524],[4.913153648122432,8.085591315886575],[4.88723135024668,8.090929031449718],[4.877701283087788,8.091309547197909],[4.854066372165391,8.095502852974334],[4.851778984312716,8.091691017126777],[4.854828835382477,8.085972785815443],[4.857497213825411,8.072630881909731],[4.843392371860546,8.061956405863498],[4.830049992213446,8.055476187975728],[4.818613528691458,8.05356979431059],[4.812895298279443,8.059288024722605],[4.805271149044358,8.063862801327275],[4.785638809383613,8.068437576133306],[4.766197204237642,8.0680561071037],[4.754760741614973,8.06500625603394],[4.735319444037145,8.06348133139835],[4.721214293604817,8.064244270356824],[4.711684226445925,8.05966949465153],[4.704441069599739,8.048233031129541],[4.69960880270412,8.049096106899867],[4.692242145558623,8.056238173652844],[4.687286376565055,8.057001112611317],[4.675087928265327,8.049757955765074],[4.673563002730418,8.045946120816893],[4.665557383566465,8.043276787293962],[4.659458159866233,8.045564650887968],[4.648403167172489,8.05356979431059],[4.637353216078111,8.053585696123037],[4.633916855278699,8.057001111711998],[4.632392404585858,8.061194420186382],[4.633916854379379,8.071486473022333],[4.62896108628513,8.07453632409215],[4.621718406978971,8.075679778798815],[4.603038786610739,8.0680561071037],[4.598083019415867,8.063862801327275],[4.568998335604761,8.05475616466532],[4.560724734658834,8.053951263340196],[4.559199810023244,8.048995017705977],[4.563011644971482,8.034128189164619],[4.563011644971482,8.00896835270737],[4.557293891200175,7.980758666978943],[4.549669266223702,7.970847129891183],[4.535564899100848,7.961317060933652],[4.522222518554429,7.955598829622318],[4.506592751054654,7.95178651803343],[4.495918750749809,7.943399905581202],[4.45817899696317,7.941493987657452],[4.44979238361168,7.938063144198793],[4.44178676624631,7.928914069428799],[4.439118385105417,7.906422615011707],[4.433019161405241,7.891555308930435],[4.428825854729439,7.88926792017844],[4.422485827658875,7.888441086187242],[4.407477855918387,7.898416994948434],[4.401092214334255,7.898409028753747],[4.397185326441729,7.896511077024627],[4.394135473573272,7.883931159695294],[4.390323161984384,7.878975389802463],[4.386129856207958,7.868682860325805],[4.371104130051606,7.848700920910801],[4.367285250713792,7.849197864689756],[4.365925787844901,7.851528168190441],[4.365925787844901,7.858008861819542],[4.360207557432886,7.88278770408931],[4.351439951692441,7.896130084635729],[4.34839010062268,7.904897690376174],[4.339691811028331,7.914562725089752],[4.328186034957582,7.935013293129032],[4.315987109117827,7.943018913192361],[4.307110785234613,7.944463729817301],[4.295395850238322,7.954551219263408],[4.28587150636497,7.965510367609454],[4.276341437407439,7.971228599820051],[4.265286445613015,7.970084666674097],[4.250800132819904,7.965510367609454],[4.235551834349735,7.95636129373878],[4.234026908814826,7.931201458180794],[4.230215072967269,7.927770137182108],[4.224877833145513,7.927008152404369],[4.216110228304444,7.921670912582613],[4.198193072052675,7.916334151200147],[4.191331386933996,7.910234449959944],[4.192093848352442,7.900704383700372],[4.200861454092887,7.878594398312885],[4.202767847758025,7.868682860325805],[4.197049617346011,7.865252017766466],[4.186375617041165,7.864870546938221],[4.174176693000049,7.86105871199004],[4.164646624941838,7.854959010749781],[4.147110938618994,7.849622249367371],[4.116613865037891,7.849240780337766],[4.099078177815727,7.863727093130876],[4.093563924435614,7.863616561954814],[4.090156254707438,7.860070779742728],[4.09114646763544,7.850165842779461],[4.076208114213159,7.824930189876397],[4.070667743621527,7.800783157316914],[4.072131157327078,7.796392441358137],[4.069413184870655,7.770573138339728],[4.070833206287489,7.759752273348795],[4.066016196390422,7.754945278301989],[4.061259745940561,7.754265783838889],[4.06193924040366,7.748830317365275],[4.074169636219779,7.735920428884754],[4.07824659310586,7.708062172131577],[4.074169636219779,7.681563377348027],[4.057183264795867,7.679524897556007],[4.052928923830791,7.674966810569913],[4.068733691306875,7.665935514612386],[4.093373298738811,7.621484278676576],[4.110181331003673,7.612257956639439],[4.121732234155331,7.610219477746739],[4.138718604679923,7.598668574595081],[4.144834042257287,7.587117672342742],[4.144220352087643,7.579142093233088],[4.147108470879289,7.572164045734155],[4.148558621383302,7.569405948226006],[4.153796672278645,7.568672656318086],[4.153250169559726,7.51638118744188],[4.155370159405379,7.509179003708084],[4.149907169180551,7.492844600298099],[4.149039702020673,7.477455690128068],[4.135520779160686,7.470775444131505],[4.133833487325603,7.464661389711409],[4.137133068436412,7.45907972674803],[4.136997098137613,7.446224300311258],[4.141436577136346,7.439674376871039],[4.135321138659663,7.405701159181206],[4.133962630870769,7.36765098640393],[4.13174641536483,7.358294694344693],[4.127019116439101,7.351956613407026],[4.123136135224513,7.35183334962943],[4.119177055176976,7.348544852662883],[4.118987934045947,7.343502957395629],[4.121119373160582,7.340220791656236],[4.120498536078628,7.335331805418548],[4.112786095002321,7.331858809836262],[4.110903143964947,7.326942646086309],[4.120832750231273,7.318263236858968],[4.125745426410333,7.311768290774069],[4.13133811955862,7.299527643585918],[4.128086090101021,7.288145064742992],[4.129712104829821,7.276762485900065],[4.125917910982878,7.27025794944484],[4.125375748392116,7.257791517564556],[4.111218485844518,7.251194391408092],[4.107489108835352,7.245866776130867],[4.105320928817832,7.237194059658179],[4.102608679646892,7.233126161643099],[4.094214439145105,7.228194713914945],[4.084511757012024,7.207849978094089],[4.08482503764543,7.204407215020979],[4.081985629733083,7.20090008027455],[4.078736624695523,7.190858714358228],[4.077626227268638,7.17780304037808],[4.072618008014729,7.167474270021614],[4.071991918891968,7.162779329602415],[4.080130099924247,7.158084391881232],[4.085450649228108,7.151198386396459],[4.083260058105225,7.149007318632925],[4.077000140843893,7.149946212647649],[4.072618008014729,7.146816729308682],[4.071053027575203,7.138991831607768],[4.073244094439474,7.135548591894064],[4.076374052620508,7.13492298031133],[4.080755709708285,7.140243528715928],[4.084511757012024,7.139930724723229],[4.087641715193058,7.138052463650354],[4.088356017915942,7.13344621617],[4.156689167171351,7.164999961678916],[4.162019252886239,7.171091556430213],[4.168871879133974,7.174137114136556],[4.171156406243199,7.170710564041372],[4.182958603356894,7.111319541163937],[4.186004161962558,7.08543109916593],[4.190192222892847,7.069821834410163],[4.194914818364225,7.061510086021713],[4.197892666113717,7.049162387134515],[4.205973148442069,7.045084952708464],[4.218773841239852,7.047115802652229],[4.223458765909356,7.053145884674905],[4.233373163740566,7.058331013165798],[4.261477468710268,7.083738804402344],[4.268486023011576,7.088352679932257],[4.284764289840155,7.091783045850946],[4.298218000160603,7.090554000866518],[4.334441184912805,7.07079172086128],[4.36855030095569,7.05911207076548],[4.370260714360541,7.056211471182507],[4.370060920974765,7.036518097232431],[4.371180058013294,7.032460213168349],[4.378656864123002,7.026067734038747],[4.371032714887917,7.01798009760347],[4.3743195526053,6.998856067353699],[4.376018523036464,6.994796751568856],[4.386407374400846,6.989554404612136],[4.390379905608199,6.980854988167209],[4.400536536731806,6.980734825252057],[4.416907309624662,6.994059562898542],[4.424521445808125,7.002435207219094],[4.438227175843565,7.004719733428999],[4.454216956347523,7.000912665786927],[4.463354110603746,6.993298053862134],[4.480105400144168,6.990633011004718],[4.488862037752881,6.991775513329344],[4.516273497823704,7.022613047754021],[4.52236461593435,7.024516581575028],[4.534166813048046,7.02375507343794],[4.54254245736854,7.021090507221174],[4.559294224448934,7.021471023868685],[4.577187537874636,7.023374556790429],[4.592416285083516,7.028704643404637],[4.604598998844779,7.031369685362733],[4.609585762073323,7.031077861654069]]]}}]}